% Model:              2D_turn.mph
% Version:            COMSOL 6.3.0.290
% Date:               May 9 2025, 11:34
% Dimension:          1
% Nodes:              5001
% Expressions:        1
% Description:        Table graph
%                         
0                         1.1499104184420942E-239
0.001                     8.735093691820868E-48
0.002                     3.3814232563397544E-46
0.003                     3.4933152412745225E-44
0.004                     6.464742671167098E-42
0.005                     1.2922500569097445E-39
0.006                     1.5461877342068E-37
0.007                     2.84920754806778E-31
0.008                     8.40206173788106E-30
0.009000000000000001      1.5104075844742871E-28
0.01                      3.451255109761124E-27
0.011                     4.2701435258675985E-26
0.012                     5.000583595655E-25
0.013000000000000001      3.868184483696524E-22
0.014                     2.6475466614858214E-21
0.015                     3.0226687974088304E-20
0.016                     1.98659499850828E-19
0.017                     8.232032148616442E-19
0.018000000000000002      3.416998415936085E-18
0.019                     1.4095650762935948E-17
0.02                      4.617142973045409E-17
0.021                     1.3451853591253532E-16
0.022                     6.083591325075249E-15
0.023                     1.7955857370614017E-14
0.024                     3.8930075245399914E-14
0.025                     1.4694427930769634E-13
0.026000000000000002      3.0345033803552566E-13
0.027                     5.97250720907254E-13
0.028                     1.4432431239137418E-12
0.029                     2.615518559794724E-12
0.03                      4.858826242947805E-12
0.031                     9.616480375158235E-12
0.032                     1.5983685142587045E-11
0.033                     2.8100681375834255E-11
0.034                     4.936548180907745E-11
0.035                     7.70301362948928E-11
0.036000000000000004      1.288978795244432E-10
0.037                     2.0872938615232565E-10
0.038                     3.101576960379608E-10
0.039                     8.464445722073983E-10
0.04                      1.745790000722623E-9
0.041                     2.9418792583277388E-9
0.042                     4.434712345022754E-9
0.043000000000000003      6.224289260807656E-9
0.044                     8.66035753163052E-9
0.045                     1.4401310688203287E-8
0.046                     2.1406208021148825E-8
0.047                     2.96750495304671E-8
0.048                     3.9207835216158136E-8
0.049                     5.0004565078221925E-8
0.05                      6.666470733970994E-8
0.051000000000000004      9.320310916337564E-8
0.052000000000000005      1.2450412772856342E-7
0.053                     1.6056776303527305E-7
0.054                     2.0139401508350505E-7
0.055                     2.4698288387325913E-7
0.056                     3.193998018962412E-7
0.057                     4.126667062165494E-7
0.058                     5.200431954125203E-7
0.059000000000000004      6.41529269484153E-7
0.06                      7.77124928431448E-7
0.061                     9.29212420831283E-7
0.062                     1.164460305448313E-6
0.063                     1.434908914039611E-6
0.064                     1.7405582466051733E-6
0.065                     2.0814083031450017E-6
0.066                     2.4574590836590963E-6
0.067                     2.9121329634381264E-6
0.068                     3.512718996676948E-6
0.069                     4.190254786360606E-6
0.07                      4.944740332489113E-6
0.07100000000000001       5.776175635062451E-6
0.07200000000000001       6.684560694080632E-6
0.073                     7.823024745815416E-6
0.074                     9.182383520585054E-6
0.075                     1.069301725251991E-5
0.076                     1.2354925941619972E-5
0.077                     1.4168109587885245E-5
0.078                     1.6132568191315728E-5
0.079                     1.8632753016001435E-5
0.08                      2.1420924887923164E-5
0.081                     2.4481516453397993E-5
0.082                     2.781452771242591E-5
0.083                     3.1419958665006935E-5
0.084                     3.543939662782474E-5
0.085                     4.025057808607228E-5
0.08600000000000001       4.5517407993448845E-5
0.08700000000000001       5.123988634995454E-5
0.088                     5.74180131555891E-5
0.089                     6.405178841035279E-5
0.09                      7.215756431331856E-5
0.091                     8.195277195116556E-5
0.092                     9.277880644572682E-5
0.093                     1.0463566779700243E-4
0.094                     1.1752335600499211E-4
0.095                     1.3144187106969607E-4
0.096                     1.463912129911143E-4
0.097                     1.623713817692467E-4
0.098                     1.7938237740409342E-4
0.099                     1.9742419989565444E-4
0.1                       2.1649684924392957E-4
0.101                     2.3718659396599142E-4
0.10200000000000001       2.6201846296514727E-4
0.10300000000000001       2.884616588494175E-4
0.10400000000000001       3.165161816188023E-4
0.105                     3.461820312733008E-4
0.106                     3.774592078129144E-4
0.107                     4.103477112376422E-4
0.108                     4.448475415474845E-4
0.109                     4.809586987424411E-4
0.11                      5.186811828225121E-4
0.111                     5.580149937876981E-4
0.112                     6.039672671420169E-4
0.113                     6.528774571116512E-4
0.114                     7.043691276518296E-4
0.115                     7.584422787625521E-4
0.116                     8.150969104438189E-4
0.117                     8.743330226956294E-4
0.11800000000000001       9.361506155179842E-4
0.11900000000000001       0.001000549688910882
0.12                      0.001067530242874323
0.121                     0.0011409772995134887
0.122                     0.0012196400707786433
0.123                     0.001302006241356551
0.124                     0.0013880758112472115
0.125                     0.0014778487804506246
0.126                     0.0015713251489667909
0.127                     0.0016685049167957102
0.128                     0.0017693880839373824
0.129                     0.0018759973555058575
0.13                      0.001990234651507287
0.131                     0.002109353908093969
0.132                     0.002233355125265908
0.133                     0.002362238303023102
0.134                     0.0024960034413655506
0.135                     0.002634650540293254
0.136                     0.0027781795998062116
0.137                     0.00293109321184048
0.138                     0.0030903895436589232
0.139                     0.003255731688687659
0.14                      0.003427119646926681
0.14100000000000001       0.003604553418375996
0.14200000000000002       0.0037880330030356
0.14300000000000002       0.003978366712777444
0.14400000000000002       0.004178772859282407
0.145                     0.0043864160158803185
0.146                     0.0046012961825711764
0.147                     0.0048234133593549845
0.148                     0.00505276754623174
0.149                     0.0052893587432014414
0.15                      0.005534404827497386
0.151                     0.005788587879615854
0.152                     0.006050727455644893
0.153                     0.006320823555584493
0.154                     0.006600023602831514
0.155                     0.006888994505307274
0.156                     0.007186910915471079
0.157                     0.007493772833322945
0.158                     0.007810356512999918
0.159                     0.008136951225781302
0.16                      0.008473096624327662
0.161                     0.00881880480845901
0.162                     0.009175409185011302
0.163                     0.00954215720270961
0.164                     0.009919048861553946
0.165                     0.010306556602148407
0.166                     0.010705149921511047
0.167                     0.011114404340098647
0.168                     0.011534319857911174
0.169                     0.011966492790008793
0.17                      0.01241026312206557
0.171                     0.012865491705476906
0.17200000000000001       0.013332178540242814
0.17300000000000001       0.01381032362636329
0.17400000000000002       0.014299926963838337
0.17500000000000002       0.01480098855266793
0.176                     0.015315058214856514
0.177                     0.015841452565625525
0.178                     0.016379804114471246
0.179                     0.016930112861393676
0.18                      0.017492378806392817
0.181                     0.018066601949468658
0.182                     0.018652782290621218
0.183                     0.0192524981600445
0.184                     0.01986543807684273
0.185                     0.020490936679022603
0.186                     0.021128993966584134
0.187                     0.021779609939527315
0.188                     0.022442784597852174
0.189                     0.023118517941558663
0.19                      0.023807749860715148
0.191                     0.02451061499852647
0.192                     0.025226475055530023
0.193                     0.02595533003172582
0.194                     0.02669717992711386
0.195                     0.027452024741694146
0.196                     0.028219864475466698
0.197                     0.029001091891209998
0.198                     0.029795963749120986
0.199                     0.030604061873777694
0.2                       0.03142538626518014
0.201                     0.032259936923328306
0.202                     0.033107713848222226
0.203                     0.03396871703986189
0.20400000000000001       0.03484296212726531
0.20500000000000002       0.03573047262183077
0.20600000000000002       0.03663122185113875
0.20700000000000002       0.037545209815189245
0.20800000000000002       0.03847243651398222
0.209                     0.03941290194751768
0.21                      0.04036660611579567
0.211                     0.04133337802266434
0.212                     0.042312669244028024
0.213                     0.04330499117456222
0.214                     0.04431034381426696
0.215                     0.04532872716314218
0.216                     0.046360141221187916
0.217                     0.047404585988404156
0.218                     0.048461672295092725
0.219                     0.04952815479529619
0.22                      0.05060670259256093
0.221                     0.051697315686886965
0.222                     0.05279999407827423
0.223                     0.05391473776672278
0.224                     0.05504154675223262
0.225                     0.05618042103480366
0.226                     0.057331360614436014
0.227                     0.05849436549112964
0.228                     0.059669435664884495
0.229                     0.0608565711357007
0.23                      0.06205577190357811
0.231                     0.0632670379685168
0.232                     0.0644903693305168
0.233                     0.06571820379105163
0.234                     0.0669560719004706
0.23500000000000001       0.06820487650261103
0.23600000000000002       0.06946461759747291
0.23700000000000002       0.07073529518505614
0.23800000000000002       0.07201690926536083
0.23900000000000002       0.07330945983838695
0.24                      0.0746129469041345
0.241                     0.07592737046260348
0.242                     0.07725273051379379
0.243                     0.07858902705770565
0.244                     0.07993626009433892
0.245                     0.08129442962369357
0.246                     0.08266353564576967
0.247                     0.08403444107033949
0.248                     0.08541006985698314
0.249                     0.08679477993724011
0.25                      0.08818857131111049
0.251                     0.08959144397859428
0.252                     0.09100339793969145
0.253                     0.09242443319440201
0.254                     0.09385454974272597
0.255                     0.09529374758466329
0.256                     0.09674202672021395
0.257                     0.09819938714937805
0.258                     0.09966582887215564
0.259                     0.10114135188854646
0.26                      0.10262595619855061
0.261                     0.10411272107158194
0.262                     0.10559808820874513
0.263                     0.10709037496498384
0.264                     0.10858958134029838
0.265                     0.11009570733468851
0.266                     0.11160875294815434
0.267                     0.11312871818069588
0.268                     0.11465560303231312
0.269                     0.11618940750300599
0.27                      0.11773013159277464
0.271                     0.1192777753016188
0.272                     0.12083233862953885
0.273                     0.12239382157653447
0.274                     0.12396222414260571
0.275                     0.12553407217060708
0.276                     0.12709853126117376
0.277                     0.12866763720029184
0.278                     0.13024138998796098
0.279                     0.13181978962418145
0.28                      0.1334028361089532
0.281                     0.13499052944227613
0.28200000000000003       0.13658286962415034
0.28300000000000003       0.13817985665457572
0.28400000000000003       0.13978149053355235
0.28500000000000003       0.14138777126108026
0.28600000000000003       0.14299869883715935
0.28700000000000003       0.1446142732617898
0.28800000000000003       0.1462344945349714
0.289                     0.14785936265670413
0.29                      0.14947225110704432
0.291                     0.15108736348545992
0.292                     0.15270490747726714
0.293                     0.15432488308246603
0.294                     0.1559472903010565
0.295                     0.15757212913303853
0.296                     0.15919939957841223
0.297                     0.16082910163717762
0.298                     0.16246123530933454
0.299                     0.16409580059488302
0.3                       0.16573279749382316
0.301                     0.16737222600615506
0.302                     0.16901408613187846
0.303                     0.17065837787099347
0.304                     0.17229350810850816
0.305                     0.1739256570356312
0.306                     0.17555820684107928
0.307                     0.17719115752485265
0.308                     0.17882450908695086
0.309                     0.1804582615273742
0.31                      0.18209241484612274
0.311                     0.1837269690431963
0.312                     0.185361924118595
0.313                     0.1869972800723186
0.314                     0.18863303690436745
0.315                     0.1902691946147413
0.316                     0.19190575320344025
0.317                     0.19354271267046438
0.318                     0.19517307396448721
0.319                     0.1967964416077374
0.32                      0.19841844390873425
0.321                     0.20003908086747813
0.322                     0.20165835248396888
0.323                     0.20327625875820643
0.324                     0.20489279969019086
0.325                     0.20650797527992218
0.326                     0.20812178552740035
0.327                     0.2097342304326254
0.328                     0.2113453099955971
0.329                     0.21295502421631593
0.33                      0.21456337309478135
0.331                     0.21617035663099385
0.332                     0.2177726547773039
0.333                     0.21936530344615648
0.334                     0.22095512241319903
0.335                     0.22254211167843144
0.336                     0.22412627124185389
0.337                     0.22570760110346608
0.338                     0.2272861012632682
0.339                     0.22886177172126032
0.34                      0.2304346124774424
0.341                     0.23200462353181417
0.342                     0.23357180488437604
0.343                     0.23513615653512776
0.34400000000000003       0.23669767848406933
0.34500000000000003       0.23825637073120076
0.34600000000000003       0.23981116472554354
0.34700000000000003       0.24135097790005872
0.34800000000000003       0.2428862444097601
0.34900000000000003       0.24441696425464748
0.35000000000000003       0.24594313743472127
0.35100000000000003       0.2474647639499809
0.352                     0.2489818438004267
0.353                     0.25049437698605875
0.354                     0.2520023635068771
0.355                     0.2535058033628814
0.356                     0.2550046965540721
0.357                     0.2564990430804486
0.358                     0.2579888429420115
0.359                     0.2594740961387606
0.36                      0.2609548026706956
0.361                     0.26243096253781695
0.362                     0.2639025757401243
0.363                     0.26536964227761795
0.364                     0.2668321621502977
0.365                     0.2682901353581636
0.366                     0.26974356190121584
0.367                     0.271192441779454
0.368                     0.27263677499287814
0.369                     0.2740765615414886
0.37                      0.2755118014252854
0.371                     0.2769424946442683
0.372                     0.27836864119843724
0.373                     0.27979024108779244
0.374                     0.2812072943123339
0.375                     0.28261324236380014
0.376                     0.28401032772798046
0.377                     0.2854021585427241
0.378                     0.2867887348080305
0.379                     0.28817005652389976
0.38                      0.2895461236903321
0.381                     0.2909169363073274
0.382                     0.29228249437488557
0.383                     0.2936427978930066
0.384                     0.2949978468616906
0.385                     0.2963476412809377
0.386                     0.2976921811507477
0.387                     0.2990314664711206
0.388                     0.3003654972420565
0.389                     0.3016942734635554
0.39                      0.3030177951356171
0.391                     0.3043360622582421
0.392                     0.3056490748314297
0.393                     0.3069568328551804
0.394                     0.3082593363294938
0.395                     0.30955658525437046
0.396                     0.31084857962981005
0.397                     0.3121353194558123
0.398                     0.31341680473237776
0.399                     0.3146930354595062
0.4                       0.3159640116371975
0.401                     0.31722973326545173
0.402                     0.31849020034426895
0.403                     0.31974376457627984
0.404                     0.32098454923022435
0.405                     0.3222194641744832
0.406                     0.3234485094090565
0.40700000000000003       0.32467168493394416
0.40800000000000003       0.3258889907491467
0.40900000000000003       0.3271004268546629
0.41000000000000003       0.32830599325049403
0.41100000000000003       0.32950568993663987
0.41200000000000003       0.33069951691309984
0.41300000000000003       0.33188747417987413
0.41400000000000003       0.33306956173696306
0.41500000000000004       0.3342457795843667
0.41600000000000004       0.3354161277220844
0.417                     0.3365806061501165
0.418                     0.33773921486846337
0.419                     0.33889195387712434
0.42                      0.3400388231761001
0.421                     0.3411798227653902
0.422                     0.3423149526449948
0.423                     0.3434442128149135
0.424                     0.3445676032751471
0.425                     0.3456851240256948
0.426                     0.34679677506655754
0.427                     0.34790255639773415
0.428                     0.3490024680192254
0.429                     0.35009650993103114
0.43                      0.3511846821331513
0.431                     0.3522669846255857
0.432                     0.35334190387481
0.433                     0.3544102917057546
0.434                     0.3554726691454877
0.435                     0.3565290361940098
0.436                     0.35757939285131984
0.437                     0.3586237391174181
0.438                     0.3596620749923051
0.439                     0.3606944004759806
0.44                      0.36172071556844443
0.441                     0.3627410202696962
0.442                     0.36375531457973675
0.443                     0.36476359849856577
0.444                     0.3657658720261831
0.445                     0.36676213516258876
0.446                     0.3677523879077827
0.447                     0.3687366302617652
0.448                     0.36971486222453653
0.449                     0.3706870837960954
0.45                      0.37165329497644334
0.451                     0.3726134957655792
0.452                     0.3735676861635038
0.453                     0.3745158661702163
0.454                     0.37545803578571785
0.455                     0.3763941950100075
0.456                     0.37732434384308544
0.457                     0.3782484822849522
0.458                     0.379166610335607
0.459                     0.3800787279950503
0.46                      0.38098571725858577
0.461                     0.38188902165089234
0.462                     0.3827865293117839
0.463                     0.3836782402412605
0.464                     0.384564154439322
0.465                     0.3854442719059683
0.466                     0.38631859264119944
0.467                     0.3871871166450155
0.468                     0.3880498439174164
0.46900000000000003       0.3889067744584022
0.47000000000000003       0.389757908267973
0.47100000000000003       0.39060324534612817
0.47200000000000003       0.39144278569286867
0.47300000000000003       0.3922765293081942
0.47400000000000003       0.39310447619210426
0.47500000000000003       0.3939266263445992
0.47600000000000003       0.3947429797656789
0.47700000000000004       0.3955535364553436
0.47800000000000004       0.39635829641359327
0.47900000000000004       0.3971572596404277
0.48                      0.3979504261358473
0.481                     0.3987377958998514
0.482                     0.3995193689324406
0.483                     0.4002951452336145
0.484                     0.4010651248033735
0.485                     0.4018293076417173
0.486                     0.4025876937486461
0.487                     0.4033402831241592
0.488                     0.4040870757682578
0.489                     0.40483333072641337
0.49                      0.40557520429506216
0.491                     0.4063117100131064
0.492                     0.4070428478805459
0.493                     0.4077686178973801
0.494                     0.4084890200636097
0.495                     0.40920405437923446
0.496                     0.40991372084425437
0.497                     0.4106180194586695
0.498                     0.4113169502224797
0.499                     0.4120105131356847
0.5                       0.412698708198285
0.501                     0.4133815354102809
0.502                     0.4140589947716718
0.503                     0.4147310862824574
0.504                     0.4153978099426383
0.505                     0.4160591657522146
0.506                     0.41671515371118584
0.507                     0.4173657738195523
0.508                     0.41801102607731383
0.509                     0.4186509104844707
0.51                      0.41928542704102273
0.511                     0.4199145757469698
0.512                     0.4205383566023116
0.513                     0.421156769607049
0.514                     0.42176981476118136
0.515                     0.4223774920647089
0.516                     0.4229798015176319
0.517                     0.4235797333052435
0.518                     0.42417939579995545
0.519                     0.424774225682243
0.52                      0.425364222952106
0.521                     0.42594938760954476
0.522                     0.42652971965455894
0.523                     0.42710521908714866
0.524                     0.42767588590731404
0.525                     0.4282417201150551
0.526                     0.4288027217103717
0.527                     0.42935889069326383
0.528                     0.42991022706373133
0.529                     0.43045673082177455
0.53                      0.43099840196739375
0.531                     0.4315352405005882
0.532                     0.4320672464213585
0.533                     0.432594419729704
0.534                     0.4331167604256254
0.535                     0.4336342685091223
0.536                     0.434146943980195
0.537                     0.4346547868388426
0.538                     0.4351577970850666
0.539                     0.4356559747188657
0.54                      0.43614931974024074
0.541                     0.43663783214919105
0.542                     0.43712151194571686
0.543                     0.4376003591298187
0.544                     0.4380743737014957
0.545                     0.4385435556607485
0.546                     0.43901572220936425
0.547                     0.43948412666664877
0.548                     0.4399482659639117
0.549                     0.44040814010115387
0.55                      0.44086374907837445
0.551                     0.4413150928955733
0.552                     0.44176217155275116
0.553                     0.4422049850499077
0.554                     0.4426435333870432
0.555                     0.4430778165641573
0.556                     0.4435078345812499
0.557                     0.443933587438321
0.558                     0.4443550751353715
0.559                     0.4447722976724002
0.56                      0.4451852550494078
0.561                     0.44559394726639406
0.562                     0.4459983743233587
0.5630000000000001        0.44639853622030234
0.5640000000000001        0.44679443295722454
0.5650000000000001        0.44718606453412574
0.5660000000000001        0.4475734309510054
0.5670000000000001        0.44795653220786363
0.5680000000000001        0.44833536830470067
0.5690000000000001        0.4487099392415168
0.5700000000000001        0.4490802450183112
0.5710000000000001        0.44944628563508426
0.5720000000000001        0.4498080610918359
0.5730000000000001        0.4501655713885662
0.5740000000000001        0.45052272602194393
0.5750000000000001        0.45088013564140006
0.5760000000000001        0.4512338342239556
0.577                     0.45158382176960976
0.578                     0.4519300982783619
0.579                     0.4522726637502129
0.58                      0.45261151818516243
0.581                     0.4529466615832108
0.582                     0.45327809394435753
0.583                     0.4536058152686029
0.584                     0.45392982555594663
0.585                     0.4542501248063896
0.586                     0.45456671301993057
0.587                     0.4548795901965703
0.588                     0.4551887563363088
0.589                     0.45549421143914554
0.59                      0.45579595550508106
0.591                     0.45609398853411526
0.592                     0.456388310526248
0.593                     0.4566789214814792
0.594                     0.4569658213998093
0.595                     0.4572490102812373
0.596                     0.4575284881257646
0.597                     0.45780425493339005
0.598                     0.4580763107041142
0.599                     0.4583446554379374
0.6                       0.45860928913485854
0.601                     0.4588702117948785
0.602                     0.45912770039642303
0.603                     0.4593888148726675
0.604                     0.45964673406518647
0.605                     0.4599014579739807
0.606                     0.4601529865990502
0.607                     0.46040131994039496
0.608                     0.4606464579980147
0.609                     0.4608884007719095
0.61                      0.4611271482620797
0.611                     0.46136270046852484
0.612                     0.46159505739124534
0.613                     0.46182421903024096
0.614                     0.46205018538551146
0.615                     0.4622729564570577
0.616                     0.46249253224487863
0.617                     0.4627089127489746
0.618                     0.46292209796934586
0.619                     0.4631320879059931
0.62                      0.4633388825589142
0.621                     0.4635424819281115
0.622                     0.46374288601358316
0.623                     0.46394009481533033
0.624                     0.46413410833335245
0.625                     0.4643249265676501
0.626                     0.4645125495182226
0.627                     0.46469697718507064
0.628                     0.46487820956819326
0.629                     0.46505624666759204
0.63                      0.465231088483265
0.631                     0.4654092039689721
0.632                     0.4655892626591546
0.633                     0.46576688409056255
0.634                     0.46594206826319556
0.635                     0.4661148151770539
0.636                     0.46628512483213785
0.637                     0.4664529972284473
0.638                     0.4666184323659817
0.639                     0.4667814302447417
0.64                      0.46694199086472693
0.641                     0.4671001142259373
0.642                     0.467255800328373
0.643                     0.46740904917203435
0.644                     0.4675598607569207
0.645                     0.4677082350830323
0.646                     0.4678541721503691
0.647                     0.46799767195893255
0.648                     0.4681387345087199
0.649                     0.4682773597997329
0.65                      0.4684135478319715
0.651                     0.4685472986054355
0.652                     0.46867861212012446
0.653                     0.4688074883760388
0.654                     0.4689339273731785
0.655                     0.46905792911154376
0.656                     0.4691794935911341
0.657                     0.4692986208119499
0.658                     0.4694153107739911
0.659                     0.4695295634772576
0.66                      0.4696413789217492
0.661                     0.46975075710746644
0.662                     0.4698576980344088
0.663                     0.46996220170257685
0.664                     0.4700642681119697
0.665                     0.47016389726258856
0.666                     0.4702610891544317
0.667                     0.47035584378750095
0.668                     0.4704481611617957
0.669                     0.47053804127731513
0.67                      0.47062548413405997
0.671                     0.47071048973203067
0.672                     0.47079305807122634
0.673                     0.4708731891516474
0.674                     0.4709508829732939
0.675                     0.4710261395361655
0.676                     0.4710989588402624
0.677                     0.4711693408855848
0.678                     0.4712372856721327
0.679                     0.47130279319990576
0.68                      0.47136586346890413
0.681                     0.4714264964791276
0.682                     0.471484692230577
0.683                     0.47154045072325124
0.684                     0.47159377195715063
0.685                     0.4716446559322759
0.686                     0.47169310264862646
0.687                     0.47173911210620195
0.6880000000000001        0.47179165810503576
0.6890000000000001        0.471846219689008
0.6900000000000001        0.47189879703750454
0.6910000000000001        0.4719493901505256
0.6920000000000001        0.47199799902807166
0.6930000000000001        0.47204462367014194
0.6940000000000001        0.4720892640767365
0.6950000000000001        0.4721319202478559
0.6960000000000001        0.47217259218350016
0.6970000000000001        0.47221127988366823
0.6980000000000001        0.4722479833483608
0.6990000000000001        0.47228270257757854
0.7000000000000001        0.4723154375713202
0.7010000000000001        0.4723461883295868
0.7020000000000001        0.47237495485237774
0.7030000000000001        0.4724017371396934
0.704                     0.4724265351915331
0.705                     0.47244934900789803
0.706                     0.4724701785887872
0.707                     0.47248902393420095
0.708                     0.47250588504413893
0.709                     0.47252076191860143
0.71                      0.47253365455758894
0.711                     0.47254456296110037
0.712                     0.47255348712913725
0.713                     0.47256042706169765
0.714                     0.47256538275878296
0.715                     0.47256835422039273
0.716                     0.47256934144652724
0.717                     0.47256834443718587
0.718                     0.47256536319236936
0.719                     0.4725603977120775
0.72                      0.47255344799631027
0.721                     0.472544514045067
0.722                     0.47253359585834837
0.723                     0.47252069343615455
0.724                     0.4725058067784852
0.725                     0.47248893588534047
0.726                     0.4724700807567197
0.727                     0.47244924139262423
0.728                     0.47242641779305294
0.729                     0.472401609958006
0.73                      0.472374817887484
0.731                     0.47234604158148613
0.732                     0.4723152810400131
0.733                     0.4722825362630642
0.734                     0.47224780725064
0.735                     0.4722110940027406
0.736                     0.47217239651936527
0.737                     0.4721317148005147
0.738                     0.47208904884618896
0.739                     0.47204439865638737
0.74                      0.4719977642311104
0.741                     0.4719491455703576
0.742                     0.47189854267413045
0.743                     0.4718459555424265
0.744                     0.47179138417524774
0.745                     0.4717473564107882
0.746                     0.4717052053260097
0.747                     0.4716616211099724
0.748                     0.47161660376267583
0.749                     0.4715701532841211
0.75                      0.4715222696743071
0.751                     0.4714729529332345
0.752                     0.47142220306090316
0.753                     0.47137002005731277
0.754                     0.4713164039224637
0.755                     0.47126135465635627
0.756                     0.4712048722589894
0.757                     0.471146956730364
0.758                     0.4710876080704795
0.759                     0.4710268262793368
0.76                      0.4709646113569348
0.761                     0.470900963303274
0.762                     0.47083588211835464
0.763                     0.4707693678021763
0.764                     0.4707014203547395
0.765                     0.47063203977604345
0.766                     0.47056122606608897
0.767                     0.4704889792248755
0.768                     0.4704152992524028
0.769                     0.47034018614867196
0.77                      0.47026363991368236
0.771                     0.47018566054743327
0.772                     0.470106248049926
0.773                     0.47002540242115987
0.774                     0.46994312366113494
0.775                     0.4698594117698507
0.776                     0.46977426674730827
0.777                     0.4696876885935067
0.778                     0.4695996773084462
0.779                     0.4695102328921273
0.78                      0.4694193553445496
0.781                     0.46932704466571257
0.782                     0.46923330085561715
0.783                     0.4691381239142626
0.784                     0.46904151384164966
0.785                     0.4689434706377779
0.786                     0.46884399430264745
0.787                     0.46874308483625776
0.788                     0.4686407422386094
0.789                     0.4685369665097025
0.79                      0.4684317576495366
0.791                     0.4683251156581116
0.792                     0.4682170405354284
0.793                     0.4681075322814857
0.794                     0.46799659089628476
0.795                     0.4678842163798245
0.796                     0.4677704087321059
0.797                     0.4676551679531283
0.798                     0.4675384940428922
0.799                     0.46742038700139693
0.8                       0.46730084682864326
0.801                     0.46717987352463053
0.802                     0.46706865580823553
0.803                     0.46695782385016915
0.804                     0.46684599469906424
0.805                     0.4667331683549196
0.806                     0.46661934481773576
0.807                     0.4665045240875126
0.808                     0.4663887061642506
0.809                     0.4662718910479481
0.81                      0.4661540787386075
0.811                     0.4660352692362274
0.812                     0.46591546254080785
0.8130000000000001        0.465794658652349
0.8140000000000001        0.4656728575708509
0.8150000000000001        0.46555005929631404
0.8160000000000001        0.46542626382873703
0.8170000000000001        0.4653014711681213
0.8180000000000001        0.4651756813144658
0.8190000000000001        0.4650488942677717
0.8200000000000001        0.4649211100280384
0.8210000000000001        0.46479232859526476
0.8220000000000001        0.464662549969453
0.8230000000000001        0.4645317741506014
0.8240000000000001        0.464400001138711
0.8250000000000001        0.46426723093378053
0.8260000000000001        0.4641334635358114
0.8270000000000001        0.4639986989448028
0.8280000000000001        0.4638629371607553
0.8290000000000001        0.46372617818366807
0.8300000000000001        0.4635884220135416
0.8310000000000001        0.46344966865037573
0.8320000000000001        0.46330991809417077
0.833                     0.46316917034492694
0.834                     0.46302742540264336
0.835                     0.46288468326732035
0.836                     0.4627409439389586
0.837                     0.4625962074175576
0.838                     0.46245047370311665
0.839                     0.4623037427956372
0.84                      0.4621560146951181
0.841                     0.46200728940155966
0.842                     0.461857566914962
0.843                     0.461706847235325
0.844                     0.4615551303626489
0.845                     0.4614024162969334
0.846                     0.46124870503817883
0.847                     0.461093996586385
0.848                     0.4609382909415516
0.849                     0.46078158810367903
0.85                      0.4606238880727675
0.851                     0.4604651908488161
0.852                     0.4603054964318259
0.853                     0.4601448048217961
0.854                     0.4599831160187276
0.855                     0.45982043002261924
0.856                     0.45965674683347163
0.857                     0.4594920664512855
0.858                     0.45932638887605926
0.859                     0.45916903102100737
0.86                      0.45901110874038054
0.861                     0.45885251492523954
0.862                     0.45869324957558383
0.863                     0.45853331269141356
0.864                     0.45837270427272964
0.865                     0.45821142431953116
0.866                     0.45804947283181796
0.867                     0.4578868498095906
0.868                     0.4577235552528486
0.869                     0.4575595891615926
0.87                      0.4573949515358219
0.871                     0.45722964237553704
0.872                     0.45706366168073753
0.873                     0.45689700945142364
0.874                     0.45672968568759575
0.875                     0.45656169038925315
0.876                     0.4563930235563965
0.877                     0.45622368518902506
0.878                     0.4560536752871393
0.879                     0.45588299385073905
0.88                      0.4557116408798247
0.881                     0.45553961637439633
0.882                     0.4553669203344528
0.883                     0.4551935527599953
0.884                     0.45501951365102306
0.885                     0.4548448030075369
0.886                     0.4546694208295364
0.887                     0.45449336711702104
0.888                     0.45431664186999177
0.889                     0.4541392450884476
0.89                      0.4539611767723894
0.891                     0.4537824369218167
0.892                     0.4536030255367298
0.893                     0.4534229426171284
0.894                     0.45324218816301254
0.895                     0.45306076217438224
0.896                     0.45287866465123755
0.897                     0.4526958955935786
0.898                     0.4525124550014051
0.899                     0.45232834287471757
0.9                       0.4521435592135151
0.901                     0.45195810401779873
0.902                     0.45177197728756746
0.903                     0.4515851790228227
0.904                     0.451397709223563
0.905                     0.4512095678897889
0.906                     0.45102075502150035
0.907                     0.45083127061869765
0.908                     0.4506411146813806
0.909                     0.4504502872095489
0.91                      0.45025878820320286
0.911                     0.4500666176623425
0.912                     0.44987377558696773
0.913                     0.44968026197707894
0.914                     0.449486076832675
0.915                     0.4492918186122866
0.916                     0.4491031740314085
0.917                     0.4489140949677976
0.918                     0.44872458142145366
0.919                     0.44853463339237737
0.92                      0.448344250880568
0.921                     0.4481534338860259
0.922                     0.4479621824087508
0.923                     0.44777049644874317
0.924                     0.44757837600600303
0.925                     0.44738582108052966
0.926                     0.44719283167232354
0.927                     0.44699940778138486
0.928                     0.44680554940771294
0.929                     0.44661125655130873
0.93                      0.44641652921217134
0.931                     0.44622136739030166
0.932                     0.4460257710856986
0.933                     0.44582974029836303
0.934                     0.44563327502829486
0.935                     0.4454363752754936
0.936                     0.4452390410399596
0.937                     0.445041272321693
0.9380000000000001        0.4448430691206935
0.9390000000000001        0.4446444314369609
0.9400000000000001        0.4444453592704957
0.9410000000000001        0.4442458526212975
0.9420000000000001        0.4440459114893672
0.9430000000000001        0.44384553587470343
0.9440000000000001        0.44364472577730735
0.9450000000000001        0.44344348119717836
0.9460000000000001        0.44324180213431624
0.9470000000000001        0.44303968858872184
0.9480000000000001        0.4428371405603943
0.9490000000000001        0.4426341580493343
0.9500000000000001        0.4424307410555412
0.9510000000000001        0.4422268895790152
0.9520000000000001        0.44202260361975665
0.9530000000000001        0.44181788317776505
0.9540000000000001        0.4416127282530411
0.9550000000000001        0.441407138845584
0.9560000000000001        0.4412011149553943
0.9570000000000001        0.44099465658247167
0.9580000000000001        0.4407877637268163
0.9590000000000001        0.4405804363884283
0.96                      0.44037267456730717
0.961                     0.4401644782634534
0.962                     0.4399558474768668
0.963                     0.4397467822075476
0.964                     0.4395372824554957
0.965                     0.4393273482207103
0.966                     0.43911697950319273
0.967                     0.43890617630294226
0.968                     0.43869493861995884
0.969                     0.438483266454243
0.97                      0.43827115980579406
0.971                     0.4380586186746123
0.972                     0.43784655828662195
0.973                     0.43763809769307715
0.974                     0.43742937247702735
0.975                     0.4372203826384726
0.976                     0.4370111281774127
0.977                     0.4368016090938487
0.978                     0.43659182538777985
0.979                     0.4363817770592061
0.98                      0.43617146410812746
0.981                     0.43596088653454423
0.982                     0.4357500443384563
0.983                     0.4355389375198633
0.984                     0.43532756607876527
0.985                     0.43511593001516263
0.986                     0.43490402932905514
0.987                     0.43469186402044296
0.988                     0.434479434089326
0.989                     0.43426673953570466
0.99                      0.4340537803595781
0.991                     0.4338405565609468
0.992                     0.4336270681398107
0.993                     0.43341331509616954
0.994                     0.4331992974300241
0.995                     0.43298501514137355
0.996                     0.43277046823021803
0.997                     0.4325556566965586
0.998                     0.4323405805403937
0.999                     0.4321252397617241
1                         0.43190963436054935
1.0010000000000001        0.43169376433687057
1.002                     0.43147762969068626
1.0030000000000001        0.4312612304219976
1.004                     0.4310445665308042
1.0050000000000001        0.4308276380171054
1.006                     0.4306104448809026
1.0070000000000001        0.4303929871221945
1.008                     0.43017526474098194
1.0090000000000001        0.4299572777372644
1.01                      0.429739026111042
1.0110000000000001        0.42952050986231494
1.012                     0.429301728991083
1.0130000000000001        0.42908268349734624
1.014                     0.42886337338110475
1.0150000000000001        0.42864379864235863
1.016                     0.4284239592811077
1.0170000000000001        0.42820385529735183
1.018                     0.42798348669109115
1.0190000000000001        0.4277628534623256
1.02                      0.4275419556110555
1.0210000000000001        0.42732079313728044
1.022                     0.42709936604100074
1.0230000000000001        0.4268776743222159
1.024                     0.4266557179809268
1.025                     0.42643349701713273
1.026                     0.4262110114308334
1.027                     0.4259882612220295
1.028                     0.4257652463907211
1.029                     0.4255429616215066
1.03                      0.42532293783106917
1.031                     0.4251027698156987
1.032                     0.42488245757539417
1.033                     0.42466200111015606
1.034                     0.42444140041998385
1.035                     0.42422065550487853
1.036                     0.42399976636483894
1.037                     0.423778732999866
1.038                     0.42355755540995904
1.039                     0.4233362335951187
1.04                      0.4231147675553446
1.041                     0.4228931572906368
1.042                     0.4226714028009949
1.043                     0.4224495040864197
1.044                     0.4222274611469105
1.045                     0.4220052739824678
1.046                     0.4217829425930915
1.047                     0.4215604669787811
1.048                     0.4213378471395372
1.049                     0.42111508307535933
1.05                      0.42089217478624796
1.051                     0.4206691222722029
1.052                     0.420445925533224
1.053                     0.4202225845693119
1.054                     0.41999909938046515
1.055                     0.41977546996668536
1.056                     0.41955169632797135
1.057                     0.4193277784643241
1.058                     0.41910371637574323
1.059                     0.41887951006222807
1.06                      0.4186551595237796
1.061                     0.41843066476039725
1.062                     0.41820602577208116
1.063                     0.4179812425588315
1.064                     0.4177563151206478
1.065                     0.41753124345753084
1.066                     0.41730602756948015
1.067                     0.41708066745649547
1.068                     0.416855163118577
1.069                     0.41662951455572494
1.07                      0.4164037217679392
1.071                     0.41617778475521977
1.072                     0.41595170351756633
1.073                     0.41572547805497945
1.074                     0.4154991083674589
1.075                     0.4152725944550044
1.076                     0.41504593631761644
1.077                     0.4148191339552947
1.078                     0.4145921873680391
1.079                     0.4143650965558499
1.08                      0.4141378615187271
1.081                     0.41391048225667043
1.082                     0.4136829587696798
1.083                     0.4134552910577558
1.084                     0.413227479120898
1.085                     0.4129995229591067
1.086                     0.4127723652700646
1.087                     0.4125466022361818
1.088                     0.4123207795602454
1.089                     0.4120948972422554
1.09                      0.41186895528221157
1.091                     0.41164295368011433
1.092                     0.41141689243596347
1.093                     0.41119077154975914
1.094                     0.41096459102150107
1.095                     0.41073835085118937
1.096                     0.4105120510388242
1.097                     0.41028569158440525
1.098                     0.4100592724879325
1.099                     0.4098327937494068
1.1                       0.4096062553688271
1.101                     0.4093796573461936
1.102                     0.40915299968150676
1.103                     0.4089262823747667
1.104                     0.40869950542597233
1.105                     0.4084726688351248
1.106                     0.40824577260222333
1.107                     0.40801881672726903
1.108                     0.4077918012102603
1.109                     0.40756472605119837
1.11                      0.40733759125008245
1.111                     0.4071103968069135
1.112                     0.40688314272169035
1.113                     0.4066558289944139
1.114                     0.40642845562508356
1.115                     0.40620102261369995
1.116                     0.40597352996026287
1.117                     0.405745977664772
1.118                     0.4055183657272275
1.119                     0.4052906941476294
1.12                      0.40506296292597793
1.121                     0.4048351720622727
1.122                     0.40460732155651385
1.123                     0.4043794114087015
1.124                     0.40415144161883526
1.125                     0.40392341218691563
1.1260000000000001        0.40369532311294243
1.127                     0.4034671743969153
1.1280000000000001        0.40323896603883497
1.129                     0.4030106980387014
1.1300000000000001        0.40278237039651327
1.131                     0.40255398311227203
1.1320000000000001        0.402325536185977
1.133                     0.4020970296176286
1.1340000000000001        0.4018684634072266
1.135                     0.40163983755477084
1.1360000000000001        0.40141115206026173
1.137                     0.4011824069236988
1.1380000000000001        0.4009536021450825
1.139                     0.40072473772441225
1.1400000000000001        0.4004958136616888
1.141                     0.40026682995691143
1.1420000000000001        0.40003778661008066
1.143                     0.399809879196765
1.1440000000000001        0.39958322365816346
1.145                     0.39935659363929343
1.1460000000000001        0.39912998914015463
1.147                     0.39890341016074793
1.1480000000000001        0.39867685670107206
1.149                     0.3984503287611276
1.1500000000000001        0.39822382634091463
1.151                     0.39799734944043313
1.1520000000000001        0.39777089805968285
1.153                     0.39754447219866396
1.154                     0.39731807185737644
1.155                     0.3970916970358205
1.156                     0.39686534773399573
1.157                     0.3966390239519024
1.158                     0.3964127256895406
1.159                     0.3961864529469099
1.16                      0.39596020572401097
1.161                     0.3957339840208428
1.162                     0.3955077878374069
1.163                     0.395281617173702
1.164                     0.3950554720297281
1.165                     0.3948293524054863
1.166                     0.39460325830097537
1.167                     0.3943771897161959
1.168                     0.3941511466511481
1.169                     0.39392512910583094
1.17                      0.3936991370802457
1.171                     0.3934731705743921
1.172                     0.3932472295882695
1.173                     0.3930213141218788
1.174                     0.39279542417521873
1.175                     0.3925695597482901
1.176                     0.39234372084109326
1.177                     0.3921179074536279
1.178                     0.39189211958589354
1.179                     0.3916663572378907
1.18                      0.39144062040961936
1.181                     0.39121490910107953
1.182                     0.39098922331227076
1.183                     0.39076356304319376
1.184                     0.39053792829384804
1.185                     0.3903123190642333
1.186                     0.39008673535435046
1.187                     0.3898611771641987
1.188                     0.3896356444937782
1.189                     0.38941013734308916
1.19                      0.3891846557121318
1.191                     0.38895919960090586
1.192                     0.38873376900941087
1.193                     0.38850836393764754
1.194                     0.38828298438561565
1.195                     0.3880576303533148
1.196                     0.38783230184074596
1.197                     0.3876069988479081
1.198                     0.3873817213748015
1.199                     0.3871564694214266
1.2                       0.386931242987783
1.201                     0.3867060420738709
1.202                     0.3864808666796898
1.203                     0.38625571680524035
1.204                     0.3860305924505223
1.205                     0.38580549361553546
1.206                     0.38558042030028006
1.207                     0.3853553725047563
1.208                     0.3851303502289633
1.209                     0.3849053534729022
1.21                      0.38468038223657247
1.211                     0.38445543651997416
1.212                     0.38423051632310734
1.213                     0.3840056216459717
1.214                     0.3837807524885671
1.215                     0.38355590885089463
1.216                     0.38333109073295296
1.217                     0.383106298134743
1.218                     0.38288153105626405
1.219                     0.38265678949751686
1.22                      0.382432073458501
1.221                     0.3822073829392166
1.222                     0.3819827179396635
1.223                     0.3817580784598418
1.224                     0.38153346449975156
1.225                     0.38130887605939223
1.226                     0.3810843131387646
1.227                     0.38085977573786867
1.228                     0.38063526385670365
1.229                     0.38041077749527036
1.23                      0.38018631665356806
1.231                     0.3799618813315977
1.232                     0.37973747152935816
1.233                     0.3795130872468504
1.234                     0.37928872848407424
1.235                     0.37906439524102875
1.236                     0.3788400875177151
1.237                     0.37861580531413275
1.238                     0.3783915486302818
1.239                     0.37816731746616244
1.24                      0.377943111821774
1.241                     0.3777189316971173
1.242                     0.377494777092192
1.243                     0.37727064800699806
1.244                     0.3770465444415354
1.245                     0.376822466395804
1.246                     0.37659841386980436
1.247                     0.37637438686353586
1.248                     0.3761503853769988
1.249                     0.375926409410193
1.25                      0.37570245896311855
1.2510000000000001        0.3754785340357759
1.252                     0.3752546346281641
1.2530000000000001        0.3750307607402841
1.254                     0.37480691237213526
1.2550000000000001        0.3745830895237179
1.256                     0.374359292195032
1.2570000000000001        0.37413681413304883
1.258                     0.3739149716726794
1.2590000000000001        0.37369318750615027
1.26                      0.37347146163346207
1.2610000000000001        0.3732497940546146
1.262                     0.37302818476960786
1.2630000000000001        0.3728066337784418
1.264                     0.3725851410811167
1.2650000000000001        0.3723637066776319
1.266                     0.372142330567988
1.2670000000000001        0.3719210127521848
1.268                     0.3716997532302225
1.2690000000000001        0.37147855200210056
1.27                      0.37125740906781973
1.2710000000000001        0.37103632442737944
1.272                     0.3708152980807801
1.2730000000000001        0.3705943300280212
1.274                     0.37037342026910325
1.2750000000000001        0.3701525688040258
1.276                     0.3699317756327894
1.2770000000000001        0.3697110407553934
1.278                     0.3694903641718386
1.2790000000000001        0.369269745882124
1.28                      0.3690491858862503
1.281                     0.36882868418421755
1.282                     0.3686082407760253
1.283                     0.36838785566167376
1.284                     0.368167528841163
1.285                     0.36794726031449326
1.286                     0.36772705008166406
1.287                     0.3675068981426755
1.288                     0.3672868044975275
1.289                     0.36706676914622033
1.29                      0.36684679208875426
1.291                     0.3666268733251284
1.292                     0.36640701285534344
1.293                     0.36618721067939924
1.294                     0.3659674667972961
1.295                     0.36574778120903345
1.296                     0.36552815391461163
1.297                     0.36530858491403023
1.298                     0.3650890742072897
1.299                     0.36486962179438986
1.3                       0.3646502276753308
1.301                     0.3644308918501127
1.302                     0.364211614318735
1.303                     0.3639923950811983
1.304                     0.36377323413750196
1.305                     0.3635541314876467
1.306                     0.363335087131632
1.307                     0.3631161010694581
1.308                     0.3628971733011249
1.309                     0.3626783038266325
1.31                      0.3624594926459809
1.311                     0.36224073975916965
1.312                     0.362022045166199
1.313                     0.36180340886707
1.314                     0.3615848308617811
1.315                     0.36136631115033313
1.316                     0.3611478497327257
1.317                     0.360929446608959
1.318                     0.36071110177903304
1.319                     0.36049281524294796
1.32                      0.3602745870007034
1.321                     0.3600564170522996
1.322                     0.3598383053977367
1.323                     0.35962025203701453
1.324                     0.35940225697013317
1.325                     0.3591843201970923
1.326                     0.3589664417178923
1.327                     0.35874862153253295
1.328                     0.3585308596410145
1.329                     0.35831315604333663
1.33                      0.35809551073949986
1.331                     0.3578779237295033
1.332                     0.35766039501334757
1.333                     0.3574429245910326
1.334                     0.3572255124625581
1.335                     0.3570081586279249
1.336                     0.3567908630871321
1.337                     0.3565736258401803
1.338                     0.3563564468870687
1.339                     0.35613932622779826
1.34                      0.35592226386236825
1.341                     0.3557052597907795
1.342                     0.3554883140130309
1.343                     0.3552714265291236
1.344                     0.35505459733905637
1.345                     0.3548378264428305
1.346                     0.35462111384044487
1.347                     0.35440445953190036
1.348                     0.3541878635171962
1.349                     0.3539713257963327
1.35                      0.3537548463693105
1.351                     0.353538425236129
1.352                     0.3533220623967876
1.353                     0.3531057578512874
1.354                     0.3528895115996279
1.355                     0.35267332364180903
1.356                     0.3524571939778306
1.357                     0.3522411226076935
1.358                     0.35202510953139676
1.359                     0.3518091547489407
1.36                      0.3515932582603255
1.361                     0.3513774200655511
1.362                     0.3511616401646171
1.363                     0.35094591855752416
1.364                     0.35073025524427187
1.365                     0.3505146502248604
1.366                     0.35029910349928967
1.367                     0.35008361506755964
1.368                     0.3498681849296703
1.369                     0.34965281308562185
1.37                      0.3494374995354136
1.371                     0.349223875660656
1.372                     0.34901054211596033
1.373                     0.34879729883330046
1.374                     0.34858414581267594
1.375                     0.3483710830540877
1.3760000000000001        0.3481581105575353
1.377                     0.34794522832301866
1.3780000000000001        0.3477324363505377
1.379                     0.3475197346400928
1.3800000000000001        0.3473071231916834
1.381                     0.34709460200531006
1.3820000000000001        0.34688217108097247
1.383                     0.3466698304186706
1.3840000000000001        0.3464575800184046
1.385                     0.3462454198801746
1.3860000000000001        0.34603335000398017
1.387                     0.3458213703898217
1.3880000000000001        0.3456094810376989
1.389                     0.3453976819476121
1.3900000000000001        0.345185973119561
1.391                     0.3449743545535458
1.3920000000000001        0.3447628262495664
1.393                     0.34455138820762266
1.3940000000000001        0.344340040427715
1.395                     0.34412878290984295
1.3960000000000001        0.3439176156540067
1.397                     0.34370653866020634
1.3980000000000001        0.34349555192844156
1.399                     0.3432846554587129
1.4000000000000001        0.34307384925101997
1.401                     0.3428631333053629
1.4020000000000001        0.34265250762174165
1.403                     0.3424419722001563
1.4040000000000001        0.3422315270406068
1.405                     0.3420211721430929
1.4060000000000001        0.3418109075076146
1.407                     0.3416007331341725
1.408                     0.341390649022766
1.409                     0.3411806551733953
1.41                      0.3409707515860609
1.411                     0.34076093826076165
1.412                     0.3405512151974986
1.413                     0.3403415823962713
1.414                     0.3401320398570799
1.415                     0.339922587579924
1.416                     0.3397132255648041
1.417                     0.33950395381171994
1.418                     0.33929477232067196
1.419                     0.33908568109165954
1.42                      0.33887668012468286
1.421                     0.3386677694197421
1.422                     0.338458948976837
1.423                     0.3382502187959678
1.424                     0.3380415788771344
1.425                     0.3378330292203368
1.426                     0.3376245698255753
1.427                     0.3374162006928493
1.428                     0.3372079218221592
1.429                     0.33699973321350474
1.43                      0.33679163486688646
1.431                     0.33658362678230364
1.432                     0.3363757089597569
1.433                     0.336167881399246
1.434                     0.3359601441007706
1.435                     0.33575249706433125
1.436                     0.33554494028992776
1.437                     0.33533747377756
1.438                     0.3351300975272279
1.439                     0.334922811538932
1.44                      0.33471561581267173
1.441                     0.33450851034844714
1.442                     0.3343014951462586
1.443                     0.33409457020610556
1.444                     0.33388773552798867
1.445                     0.3336809911119072
1.446                     0.33347433695786194
1.447                     0.3332677730658521
1.448                     0.33306129943587853
1.449                     0.33285491606794054
1.45                      0.3326486229620384
1.451                     0.33244242011817204
1.452                     0.33223630753634154
1.453                     0.3320302852165467
1.454                     0.33182435315878783
1.455                     0.3316185113630647
1.456                     0.3314127598293776
1.457                     0.3312070985577261
1.458                     0.3310015275481105
1.459                     0.3307960468005305
1.46                      0.33059065631498646
1.461                     0.3303853560914784
1.462                     0.33018014613000596
1.463                     0.32997502643056953
1.464                     0.3297699969931686
1.465                     0.3295650578178037
1.466                     0.3293602089044747
1.467                     0.3291554502531813
1.468                     0.3289507818639239
1.469                     0.3287462037367023
1.47                      0.3285417158715162
1.471                     0.3283373182683664
1.472                     0.32813301092725217
1.473                     0.3279287938481739
1.474                     0.3277246670311312
1.475                     0.32752063047612434
1.476                     0.32731668418315324
1.477                     0.32711282815221815
1.478                     0.32690906238331896
1.479                     0.32670538687645556
1.48                      0.3265018016316275
1.481                     0.32629830664883586
1.482                     0.3260949019280796
1.483                     0.32589158746935937
1.484                     0.3256884411402156
1.485                     0.32548617844829286
1.486                     0.3252840211730709
1.487                     0.32508196931455
1.488                     0.3248800228727301
1.489                     0.3246781818476112
1.49                      0.32447644623919303
1.491                     0.32427481604747604
1.492                     0.32407329127245993
1.493                     0.3238718719141446
1.494                     0.3236705579725307
1.495                     0.32346934944761735
1.496                     0.3232682463394051
1.497                     0.3230672486478938
1.498                     0.3228663563730832
1.499                     0.322665569514974
1.5                       0.32246488807356544
1.5010000000000001        0.3222643120488582
1.502                     0.3220638414408519
1.5030000000000001        0.32186347624954603
1.504                     0.32166321647494156
1.5050000000000001        0.32146306211703773
1.506                     0.3212630131758351
1.5070000000000001        0.3210630696513334
1.508                     0.32086323154353275
1.5090000000000001        0.3206634988524329
1.51                      0.3204638715780342
1.5110000000000001        0.32026434972033624
1.512                     0.3200649332793395
1.5130000000000001        0.3198656222550435
1.514                     0.31966641664744844
1.5150000000000001        0.31946731645655446
1.516                     0.3192683216823613
1.5170000000000001        0.3190694323248695
1.518                     0.31887064838407814
1.5190000000000001        0.31867196985998814
1.52                      0.3184733967525988
1.5210000000000001        0.31827492906191057
1.522                     0.3180765667879233
1.5230000000000001        0.31787830993063687
1.524                     0.31768015849005155
1.5250000000000001        0.3174821124661672
1.526                     0.31728417185898367
1.5270000000000001        0.3170863366685012
1.528                     0.31688860689471987
1.5290000000000001        0.3166909825376391
1.53                      0.3164934635972597
1.5310000000000001        0.3162960500735807
1.532                     0.31609874196660315
1.5330000000000001        0.31590153927632647
1.534                     0.3157044420027506
1.5350000000000001        0.3155074501458758
1.536                     0.31531056370570215
1.537                     0.315113782682229
1.538                     0.31491710707545734
1.539                     0.31472053688538626
1.54                      0.3145240721120163
1.541                     0.31432771275534727
1.542                     0.31413145881537924
1.543                     0.313935310292112
1.544                     0.31373926718554584
1.545                     0.3135433294956806
1.546                     0.3133474972225165
1.547                     0.31315177036605335
1.548                     0.3129561489262907
1.549                     0.31276063290322936
1.55                      0.31256522229686906
1.551                     0.3123699171072095
1.552                     0.3121747173342511
1.553                     0.3119796229779935
1.554                     0.3117846340384372
1.555                     0.3115897505155816
1.556                     0.3113949724094268
1.557                     0.31120029971997326
1.558                     0.31100573244722063
1.559                     0.31081127059116886
1.56                      0.31061691415181786
1.561                     0.3104226631291681
1.562                     0.31022851752321917
1.563                     0.31003447733397127
1.564                     0.30984054256142435
1.565                     0.3096467132055783
1.566                     0.3094529892664333
1.567                     0.30925937074398924
1.568                     0.3090658576382463
1.569                     0.308872449949204
1.57                      0.3086791476768628
1.571                     0.3084859508212226
1.572                     0.30829285938228324
1.573                     0.3080998733600451
1.574                     0.30790699275450784
1.575                     0.30771421756567124
1.576                     0.30752154779353597
1.577                     0.3073289834381015
1.578                     0.3071365244993679
1.579                     0.30694417097733545
1.58                      0.3067519228720037
1.581                     0.30655978018337315
1.582                     0.30636774291144336
1.583                     0.3061758110562147
1.584                     0.30598398461768705
1.585                     0.3057922635958603
1.586                     0.30560064799073466
1.587                     0.3054091378023097
1.588                     0.3052177330305857
1.589                     0.3050264336755627
1.59                      0.30483523973724086
1.591                     0.3046441512156198
1.592                     0.3044531681106998
1.593                     0.30426229042248065
1.594                     0.3040715181509625
1.595                     0.3038808512961454
1.596                     0.30369028985802904
1.597                     0.303499833836614
1.598                     0.3033095506299642
1.599                     0.3031195400274588
1.6                       0.3029296389079375
1.601                     0.30273984727140124
1.602                     0.30255016511784955
1.603                     0.30236059244728264
1.604                     0.30217112925970036
1.605                     0.3019817755551024
1.606                     0.3017925313334895
1.607                     0.3016033965948611
1.608                     0.3014143713392171
1.609                     0.3012254555665581
1.61                      0.3010366492768835
1.611                     0.3008479524701939
1.612                     0.3006593651464886
1.613                     0.3004708873057681
1.614                     0.3002825189480321
1.615                     0.30009426007328116
1.616                     0.2999061106815146
1.617                     0.29971807077273255
1.618                     0.2995301403469354
1.619                     0.2993423194041226
1.62                      0.29915460794429466
1.621                     0.29896700596745146
1.622                     0.2987795134735928
1.623                     0.29859213046271893
1.624                     0.29840485693482954
1.625                     0.2982176928899245
1.6260000000000001        0.2980306383280046
1.627                     0.2978436932490692
1.6280000000000001        0.2976568576531183
1.629                     0.2974701315401523
1.6300000000000001        0.2972835149101707
1.631                     0.29709700776317405
1.6320000000000001        0.2969106100991617
1.633                     0.29672432191813425
1.6340000000000001        0.29653814322009137
1.635                     0.2963520740050333
1.6360000000000001        0.2961661142729598
1.637                     0.29598026402387073
1.6380000000000001        0.2957945232577663
1.639                     0.2956088919746469
1.6400000000000001        0.29542337017451203
1.641                     0.2952379578573618
1.6420000000000001        0.2950526550231958
1.643                     0.2948674616720149
1.6440000000000001        0.29468237780381856
1.645                     0.2944974034186068
1.6460000000000001        0.2943125385163796
1.647                     0.2941277830971374
1.6480000000000001        0.29394313716087966
1.649                     0.29375860070760657
1.6500000000000001        0.29357417373731814
1.651                     0.2933898562500142
1.6520000000000001        0.293205648245695
1.653                     0.29302154972436045
1.6540000000000001        0.2928375606860106
1.655                     0.29265368113064544
1.6560000000000001        0.2924699110582649
1.657                     0.29228625046886886
1.6580000000000001        0.2921026993624578
1.659                     0.2919192577390312
1.6600000000000001        0.291735925598589
1.661                     0.29155270294113184
1.6620000000000001        0.2913695897666592
1.663                     0.2911865860751712
1.6640000000000001        0.29100369186666775
1.665                     0.290820907141149
1.666                     0.290638231898615
1.667                     0.2904556661390657
1.668                     0.2902732098625008
1.669                     0.29009086306892057
1.67                      0.2899086257583255
1.671                     0.2897264979307146
1.672                     0.28954447958608837
1.673                     0.28936257072444677
1.674                     0.2891807713457899
1.675                     0.28899908145011777
1.676                     0.28881750103743037
1.677                     0.2886360301077272
1.678                     0.288454668661009
1.679                     0.28827341669727546
1.68                      0.2880922742165264
1.681                     0.287911241218762
1.682                     0.2877303177039825
1.683                     0.28754950367218746
1.684                     0.28736879912337726
1.685                     0.28718820405755136
1.686                     0.2870077184747104
1.687                     0.28682734237485374
1.688                     0.28664707575798215
1.689                     0.2864669186240951
1.69                      0.28628687097319255
1.691                     0.28610693280527477
1.692                     0.28592710412034156
1.693                     0.2857473849183932
1.694                     0.28556777519942933
1.695                     0.28538827496345004
1.696                     0.2852088842104556
1.697                     0.2850296029404455
1.698                     0.2848504311534202
1.699                     0.2846713688493796
1.7                       0.2844924160283237
1.701                     0.2843135726902524
1.702                     0.2841348388351659
1.703                     0.2839562144630637
1.704                     0.28377769957394644
1.705                     0.2835992941678136
1.706                     0.2834209982446656
1.707                     0.2832428118045023
1.708                     0.2830647348473234
1.709                     0.28288676737312923
1.71                      0.28270890938191995
1.711                     0.28253116087369506
1.712                     0.2823533574499191
1.713                     0.282175488635325
1.714                     0.28199772344315044
1.715                     0.2818200618733952
1.716                     0.2816425039260595
1.717                     0.2814650496011432
1.718                     0.28128769889864647
1.719                     0.28111045181856914
1.72                      0.28093330836091124
1.721                     0.28075626852567265
1.722                     0.28057933231285387
1.723                     0.2804024997224542
1.724                     0.2802257707544742
1.725                     0.2800491454089136
1.726                     0.2798726236857726
1.727                     0.2796962055850508
1.728                     0.2795198911067488
1.729                     0.279343680250866
1.73                      0.2791675730174028
1.731                     0.27899156940635905
1.732                     0.2788156694177346
1.733                     0.27863987305152965
1.734                     0.27846418030774434
1.735                     0.2782885911863784
1.736                     0.2781131056874316
1.737                     0.2779377238109048
1.738                     0.27776244555679713
1.739                     0.2775872709251091
1.74                      0.2774121999158404
1.741                     0.2772372325289911
1.742                     0.27706236876456153
1.743                     0.2768876086225511
1.744                     0.2767129521029602
1.745                     0.2765383992057889
1.746                     0.2763639499310371
1.747                     0.2761896042787048
1.748                     0.27601536224879164
1.749                     0.27584122384129806
1.75                      0.2756671890562243
1.7510000000000001        0.2754932578935694
1.752                     0.27531943035333445
1.7530000000000001        0.2751457064355186
1.754                     0.2749720861401227
1.7550000000000001        0.2747985694671458
1.756                     0.2746251564165886
1.7570000000000001        0.27445184698845065
1.758                     0.2742786411827324
1.7590000000000001        0.2741055389994334
1.76                      0.273932540438554
1.7610000000000001        0.27375964550009424
1.762                     0.27358685418405343
1.7630000000000001        0.27341416649043265
1.764                     0.27324158241923086
1.7650000000000001        0.27306910197044876
1.766                     0.2728967251440862
1.7670000000000001        0.2727244519401429
1.768                     0.2725522823586192
1.7690000000000001        0.27238021639951504
1.77                      0.27220825406282995
1.7710000000000001        0.27203639534856483
1.772                     0.2718646402567188
1.7730000000000001        0.2716929887872923
1.774                     0.2715214409402854
1.7750000000000001        0.27134999671569776
1.776                     0.27117865611352987
1.7770000000000001        0.27100741913378124
1.778                     0.27083628577645225
1.7790000000000001        0.2706652560415426
1.78                      0.27049432992905215
1.7810000000000001        0.2703235074389814
1.782                     0.2701527885713303
1.7830000000000001        0.26998217332609853
1.784                     0.2698116617032861
1.7850000000000001        0.26964125370289316
1.786                     0.26947094932491966
1.7870000000000001        0.26930074856936564
1.788                     0.2691306514362311
1.7890000000000001        0.268960657925516
1.79                      0.2687907680372205
1.7910000000000001        0.26862098177134425
1.792                     0.2684512991278877
1.793                     0.26828172010685053
1.794                     0.26811224470823275
1.795                     0.26794287293203445
1.796                     0.2677736047782556
1.797                     0.26760444024689617
1.798                     0.2674353793379563
1.799                     0.26726642205143597
1.8                       0.26709756838733495
1.801                     0.26692881834565335
1.802                     0.26676017192639134
1.803                     0.2665916291295488
1.804                     0.26642318995512565
1.805                     0.26625485440312197
1.806                     0.26608662247353754
1.807                     0.265918494166373
1.808                     0.2657504694816278
1.809                     0.26558254841930184
1.81                      0.2654147309793954
1.811                     0.26524701716190857
1.812                     0.26507940696684107
1.813                     0.2649119003941931
1.814                     0.2647444974439646
1.815                     0.26457719811615543
1.816                     0.264410002410766
1.817                     0.26424291032779573
1.818                     0.2640759218672451
1.819                     0.26390903702911384
1.82                      0.26374225581340216
1.821                     0.26357557822010996
1.822                     0.26340900424923697
1.823                     0.26324253390078356
1.824                     0.2630761671747497
1.825                     0.2629099040711351
1.826                     0.2627437445899404
1.827                     0.2625776887311646
1.828                     0.26241173649480865
1.829                     0.26224588788087216
1.83                      0.2620801428893549
1.831                     0.26191450152025725
1.832                     0.261748963773579
1.833                     0.2615835296493203
1.834                     0.26141819914748077
1.835                     0.26125297226806116
1.836                     0.26108784901106064
1.837                     0.2609228293764798
1.838                     0.26075791336431847
1.839                     0.2605931009745761
1.84                      0.2604283922072539
1.841                     0.2602637870623509
1.842                     0.26009928553986694
1.843                     0.25993488763980294
1.844                     0.2597705933621583
1.845                     0.25960640270693325
1.846                     0.2594423156741273
1.847                     0.259278332263741
1.848                     0.2591144524757741
1.849                     0.2589506763102268
1.85                      0.2587870037670987
1.851                     0.2586234348463904
1.852                     0.2584599695481014
1.853                     0.25829660787223185
1.854                     0.25813334981878167
1.855                     0.2579701953877511
1.856                     0.25780714457913984
1.857                     0.2576441973929482
1.858                     0.257481353829176
1.859                     0.2573186138878233
1.86                      0.25715597756889
1.861                     0.2569934448723762
1.862                     0.2568310157982817
1.863                     0.25666869034660683
1.864                     0.2565064685173512
1.865                     0.25634435031051533
1.866                     0.2561823357260987
1.867                     0.2560204247641017
1.868                     0.25585861742452404
1.869                     0.2556969137073659
1.87                      0.2555353136126273
1.871                     0.2553738171403081
1.872                     0.2552124242904083
1.873                     0.255051135062928
1.874                     0.2548899494578671
1.875                     0.25472886747522566
1.8760000000000001        0.2545678891150038
1.877                     0.25440701437720137
1.8780000000000001        0.2542462432618185
1.879                     0.2540855757688548
1.8800000000000001        0.25392501189831074
1.881                     0.2537645516501861
1.8820000000000001        0.2536041950244809
1.883                     0.25344394202119525
1.8840000000000001        0.2532837926403291
1.885                     0.25312374688188216
1.8860000000000001        0.252963804745855
1.887                     0.25280396623224705
1.8880000000000001        0.25264423134105857
1.889                     0.25248460007228957
1.8900000000000001        0.2523250724259403
1.891                     0.2521656484020104
1.8920000000000001        0.25200632800049966
1.893                     0.25184711122140857
1.8940000000000001        0.2516879980647369
1.895                     0.2515289885304847
1.8960000000000001        0.2513700826186521
1.897                     0.2512112803292387
1.8980000000000001        0.2510525816622451
1.899                     0.25089398661767065
1.9000000000000001        0.25073549519551575
1.901                     0.2505771073957804
1.9020000000000001        0.2504188232184645
1.903                     0.25026064266356807
1.9040000000000001        0.2501025657310912
1.905                     0.2499445924210334
1.9060000000000001        0.24978672273339536
1.907                     0.24962895666817686
1.9080000000000001        0.24947129422537748
1.909                     0.24931373540499804
1.9100000000000001        0.24915628020703762
1.911                     0.24899892863149692
1.9120000000000001        0.24884168067837556
1.913                     0.2486845363476737
1.9140000000000001        0.24852749563939117
1.915                     0.24837055855352835
1.9160000000000001        0.2482137250900849
1.917                     0.24805699524906086
1.9180000000000001        0.24790036903045642
1.919                     0.24774384643427116
1.92                      0.2475874274605055
1.921                     0.24743111210915944
1.922                     0.24727490038023275
1.923                     0.2471187922737255
1.924                     0.2469627877896376
1.925                     0.24680688692796923
1.926                     0.24665108968872046
1.927                     0.24649539607189105
1.928                     0.24633980607748102
1.929                     0.24618431970549057
1.93                      0.24602893695591968
1.931                     0.2458736578287682
1.932                     0.2457184823240359
1.933                     0.24556341044172325
1.934                     0.2454084421818301
1.935                     0.2452535775443564
1.936                     0.24509881652930213
1.937                     0.24494415913666734
1.938                     0.24478960536645206
1.939                     0.24463515521865628
1.94                      0.24448000583648535
1.941                     0.24432485494586434
1.942                     0.24416979979522402
1.943                     0.24401484038456436
1.944                     0.24385997671388526
1.945                     0.24370520878318666
1.946                     0.243550536592469
1.947                     0.2433959601417315
1.948                     0.2432414794309749
1.949                     0.24308709446019874
1.95                      0.24293280522940305
1.951                     0.2427786117385883
1.952                     0.2426245139877541
1.953                     0.24247051197690025
1.954                     0.2423166057060272
1.955                     0.2421627951751348
1.956                     0.24200908038422295
1.957                     0.2418554613332917
1.958                     0.241701938022341
1.959                     0.2415485104513708
1.96                      0.24139517862038137
1.961                     0.24124194252937262
1.962                     0.24108880217834427
1.963                     0.24093575756729668
1.964                     0.2407828086962298
1.965                     0.24062995556514288
1.966                     0.2404771981740373
1.967                     0.24032453652291202
1.968                     0.24017197061176743
1.969                     0.24001950044060347
1.97                      0.23986712600941987
1.971                     0.23971484731821707
1.972                     0.2395626643669949
1.973                     0.23941057715575326
1.974                     0.2392585856844922
1.975                     0.23910668995321188
1.976                     0.23895488996191203
1.977                     0.23880318571059275
1.978                     0.238651577199254
1.979                     0.2385000644278961
1.98                      0.23834864739651884
1.981                     0.23819732610512198
1.982                     0.23804610055370595
1.983                     0.23789497074227023
1.984                     0.23774393667081525
1.985                     0.23759299833934072
1.986                     0.23744215574784694
1.987                     0.23729140889633385
1.988                     0.23714075778480123
1.989                     0.23699020241324925
1.99                      0.23683974278167785
1.991                     0.23668937889008718
1.992                     0.2365391107384769
1.993                     0.23638893832684754
1.994                     0.2362388616551984
1.995                     0.23608888072353015
1.996                     0.23593899553184236
1.997                     0.2357892060801353
1.998                     0.2356395123684087
1.999                     0.23548991439666264
2                         0.23534041216489732
2.001                     0.23519100567311255
2.0020000000000002        0.23504169492130847
2.003                     0.234892479909485
2.004                     0.23474336063764198
2.005                     0.23459433710577982
2.0060000000000002        0.2344454093138981
2.007                     0.23429657726199699
2.008                     0.23414784095007646
2.009                     0.23399920037813654
2.0100000000000002        0.23385065554617715
2.011                     0.23370220645419845
2.012                     0.2335538531022003
2.013                     0.2334055954901829
2.0140000000000002        0.23325743361814588
2.015                     0.23310936748608957
2.016                     0.23296139709401417
2.017                     0.23281352244191883
2.0180000000000002        0.23266574352980443
2.019                     0.23251806035767036
2.02                      0.2323704729255174
2.021                     0.2322229812333446
2.0220000000000002        0.23207558528115244
2.023                     0.2319282850689411
2.024                     0.2317810805967102
2.025                     0.2316339718644599
2.0260000000000002        0.2314869588721903
2.027                     0.23134004161990118
2.028                     0.23119322010759283
2.029                     0.2310464943352649
2.0300000000000002        0.2308998643029176
2.031                     0.23075333001055104
2.032                     0.23060689145816507
2.033                     0.23046054864575963
2.0340000000000003        0.2303143015733347
2.035                     0.23016815024089063
2.036                     0.2300220946484269
2.037                     0.22987613479594388
2.0380000000000003        0.22973027068344148
2.039                     0.2295845023109196
2.04                      0.22943882967837834
2.041                     0.22929325278581777
2.0420000000000003        0.2291477716332377
2.043                     0.22900238622063834
2.044                     0.22885709654801956
2.045                     0.2287119026153814
2.0460000000000003        0.2285668044227238
2.047                     0.22842180197004672
2.048                     0.2282768952573506
2.049                     0.2281320842846347
2.05                      0.22798736905189929
2.051                     0.22784274955914482
2.052                     0.22769822580637067
2.053                     0.22755379779357757
2.054                     0.22740946552076494
2.055                     0.2272652289879327
2.056                     0.22712108819508106
2.057                     0.2269770431422101
2.058                     0.22683309382931977
2.059                     0.2266892402564098
2.06                      0.22654548242348074
2.061                     0.22640182033053233
2.062                     0.22625825397756436
2.063                     0.22611478336457683
2.064                     0.22597140849157032
2.065                     0.22582812935854402
2.066                     0.22568494596549854
2.067                     0.22554185831243365
2.068                     0.22539886639934942
2.069                     0.22525597022624563
2.07                      0.22511316979312251
2.071                     0.2249704650999799
2.072                     0.2248278561468181
2.073                     0.22468534293363676
2.074                     0.224542925460436
2.075                     0.22440060372721576
2.076                     0.22425837773397647
2.077                     0.22411624748071748
2.078                     0.22397421296743925
2.079                     0.22383227419414153
2.08                      0.22369043116082435
2.081                     0.22354868386748805
2.082                     0.22340703231413214
2.083                     0.22326547650075682
2.084                     0.2231240164273621
2.085                     0.22298265209394805
2.086                     0.22284138350051472
2.087                     0.22270021064706164
2.088                     0.2225591335335894
2.089                     0.22241815216009772
2.09                      0.2222772665265868
2.091                     0.22213647663305627
2.092                     0.22199578247950644
2.093                     0.2218551840659372
2.094                     0.22171468139234854
2.095                     0.22157427445874037
2.096                     0.22143396326511305
2.097                     0.2212937478114662
2.098                     0.2211536280978
2.099                     0.22101360412411436
2.1                       0.22087367589040927
2.101                     0.2207338433966849
2.102                     0.22059410664294107
2.103                     0.22045446562917786
2.104                     0.22031492035539518
2.105                     0.2201754708215933
2.106                     0.22003611702777193
2.107                     0.2198968589739311
2.108                     0.2197576966600708
2.109                     0.2196186300861913
2.11                      0.2194796592522921
2.111                     0.21934078415837388
2.112                     0.21920200480443588
2.113                     0.21906332119047894
2.114                     0.21892473331650228
2.115                     0.2187862411825064
2.116                     0.21864784478849097
2.117                     0.21850954413445617
2.118                     0.2183713392204022
2.119                     0.21823323004632839
2.12                      0.21809521661223535
2.121                     0.21795729891812324
2.122                     0.21781947696399132
2.123                     0.2176817507498402
2.124                     0.21754412027566963
2.125                     0.21740658554147962
2.126                     0.2172691465472705
2.1270000000000002        0.21713180329304166
2.128                     0.2169945557787935
2.129                     0.216857404004526
2.13                      0.21672034797023923
2.1310000000000002        0.2165833876759327
2.132                     0.216446523121607
2.133                     0.21630975430726196
2.134                     0.21617308123289733
2.1350000000000002        0.21603650389851342
2.136                     0.2159000223041102
2.137                     0.21576363644968757
2.138                     0.21562734633524533
2.1390000000000002        0.21549115196078378
2.14                      0.2153550533263029
2.141                     0.21521905043180267
2.142                     0.215083143277283
2.1430000000000002        0.21494733186274378
2.144                     0.21481161618818526
2.145                     0.21467599625360737
2.146                     0.21454047205901014
2.1470000000000002        0.21440504360439344
2.148                     0.21426971088975744
2.149                     0.2141344739151018
2.15                      0.21399933268042712
2.1510000000000002        0.2138642871857328
2.152                     0.21372933743101907
2.153                     0.21359448341628595
2.154                     0.2134597251415337
2.1550000000000002        0.21332506260676165
2.156                     0.21319049581197053
2.157                     0.21305602475715998
2.158                     0.21292164944232989
2.1590000000000003        0.21278736986748037
2.16                      0.21265318603261169
2.161                     0.21251909793772342
2.162                     0.21238510558281573
2.1630000000000003        0.2122512089678887
2.164                     0.2121174080929423
2.165                     0.21198370295797653
2.166                     0.21185009356299125
2.1670000000000003        0.2117162125501049
2.168                     0.21158153023940163
2.169                     0.21144693263477435
2.17                      0.211312419736223
2.1710000000000003        0.21117799154374736
2.172                     0.21104364805734782
2.173                     0.21090938927702418
2.174                     0.21077521520277637
2.1750000000000003        0.21064112583460434
2.176                     0.21050712117250842
2.177                     0.21037320121648842
2.178                     0.21023936596654424
2.179                     0.21010561542267597
2.18                      0.20997194958488363
2.181                     0.20983836845316717
2.182                     0.20970487202752666
2.183                     0.2095714603079621
2.184                     0.20943813329447336
2.185                     0.20930489098706054
2.186                     0.20917173338572367
2.187                     0.2090386604904627
2.188                     0.20890567230127763
2.189                     0.20877276881816836
2.19                      0.2086399500411352
2.191                     0.2085072159701778
2.192                     0.20837456660529627
2.193                     0.20824200194649087
2.194                     0.2081095219937613
2.195                     0.2079771267471075
2.196                     0.20784481620652964
2.197                     0.20771259037202777
2.198                     0.20758044924360183
2.199                     0.2074483928212517
2.2                       0.20731642110497756
2.201                     0.20718453409477927
2.202                     0.20705273179065686
2.203                     0.20692101419261044
2.204                     0.2067893813006398
2.205                     0.20665783311474517
2.206                     0.2065263696349266
2.207                     0.2063949908611838
2.208                     0.20626369679351675
2.209                     0.2061324874319257
2.21                      0.20600136277641062
2.211                     0.2058703228269715
2.212                     0.20573936758360817
2.213                     0.20560849704632084
2.214                     0.2054777112151094
2.215                     0.20534701008997375
2.216                     0.20521639367091413
2.217                     0.2050858619579304
2.218                     0.20495541495102246
2.219                     0.2048250526501907
2.22                      0.20469477505543454
2.221                     0.20456458216675444
2.222                     0.20443447398415035
2.223                     0.20430445050762208
2.224                     0.20417451173716958
2.225                     0.20404465767279317
2.226                     0.20391488831449256
2.227                     0.20378520366226782
2.228                     0.20365560371611913
2.229                     0.2035260884760464
2.23                      0.2033966579420494
2.231                     0.20326731211412835
2.232                     0.2031380509922833
2.233                     0.20300887457651404
2.234                     0.20287978286682082
2.235                     0.20275077586320342
2.236                     0.2026218535656617
2.237                     0.2024930159741963
2.238                     0.2023642630888066
2.239                     0.2022355949094928
2.24                      0.20210701143625498
2.241                     0.20197851266909303
2.242                     0.20185009860800693
2.243                     0.2017217692529968
2.244                     0.20159352460406257
2.245                     0.20146536466120435
2.246                     0.201337289424422
2.247                     0.20120929889371544
2.248                     0.20108139306908485
2.249                     0.2009535719505302
2.25                      0.20082583553805147
2.251                     0.20069818383164853
2.2520000000000002        0.2005706168313216
2.253                     0.20044313453707047
2.254                     0.20031573694889535
2.255                     0.20018842406679613
2.2560000000000002        0.2000611958907727
2.257                     0.19993405242082554
2.258                     0.199806993656954
2.259                     0.19968001959915835
2.2600000000000002        0.19955313024743862
2.261                     0.19942632560179493
2.262                     0.1992996056622271
2.263                     0.1991729704287352
2.2640000000000002        0.19904641990131888
2.265                     0.19891995407997887
2.266                     0.1987935729647147
2.267                     0.19866727655552607
2.2680000000000002        0.19854106485241385
2.269                     0.19841493785537742
2.27                      0.19828889556441678
2.271                     0.19816293797953197
2.2720000000000002        0.19803706510072316
2.273                     0.19791127692799032
2.274                     0.19778557346133338
2.275                     0.1976599547007522
2.2760000000000002        0.19753442064624704
2.277                     0.19740897129781787
2.278                     0.19728360665546443
2.279                     0.197158326719187
2.2800000000000002        0.1970331314889855
2.281                     0.19690802096485985
2.282                     0.19678299514681025
2.283                     0.1966580540348364
2.2840000000000003        0.19653319762893826
2.285                     0.19640842592911645
2.286                     0.1962837389353705
2.287                     0.19615913664770027
2.2880000000000003        0.1960346190661059
2.289                     0.1959101861905877
2.29                      0.19578583802114524
2.291                     0.1956615745577787
2.2920000000000003        0.19553739580048796
2.293                     0.1954133017492733
2.294                     0.19528929240413445
2.295                     0.1951653677650715
2.2960000000000003        0.19504152783208462
2.297                     0.19491777260517337
2.298                     0.19479410208433834
2.299                     0.19467051626957899
2.3000000000000003        0.19454701516089573
2.301                     0.19442359875828816
2.302                     0.19430026706175665
2.303                     0.19417702007130108
2.3040000000000003        0.19405385778692127
2.305                     0.1939307802086174
2.306                     0.19380778733638954
2.307                     0.19368487917023747
2.308                     0.19356205571016133
2.309                     0.19343931695616126
2.31                      0.193316662908237
2.311                     0.19319409356638859
2.312                     0.19307160893061612
2.313                     0.1929492090009194
2.314                     0.19282689377729886
2.315                     0.19270466325975413
2.316                     0.19258251744828528
2.317                     0.19246045634289238
2.318                     0.19233847994357536
2.319                     0.19221658825033414
2.32                      0.19209478126316915
2.321                     0.19197305898207967
2.322                     0.19185142140706632
2.323                     0.19172986853812887
2.324                     0.19160840037526725
2.325                     0.19148701691848152
2.326                     0.19136571816777181
2.327                     0.19124450412313806
2.328                     0.1911233747845801
2.329                     0.19100233015209797
2.33                      0.19088137022569182
2.331                     0.19076049500536166
2.332                     0.19063970449110734
2.333                     0.1905189986829289
2.334                     0.19039837758082637
2.335                     0.19027784118479982
2.336                     0.19015738949484917
2.337                     0.19003702251097435
2.338                     0.18991674023317562
2.339                     0.1897965426614527
2.34                      0.18967642979580554
2.341                     0.18955640163623444
2.342                     0.18943645818273933
2.343                     0.18931659943531992
2.344                     0.18919682539397645
2.345                     0.18907713605870902
2.346                     0.1889575314295174
2.347                     0.18883801150640173
2.348                     0.18871857628936192
2.349                     0.18859922577839802
2.35                      0.18847995997351014
2.351                     0.1883607788746981
2.352                     0.188241682481962
2.353                     0.18812267079530168
2.354                     0.18800374381471754
2.355                     0.1878849015402089
2.356                     0.1877661439717765
2.357                     0.1876474711094197
2.358                     0.1875288829531393
2.359                     0.1874103795029344
2.36                      0.18729196075880553
2.361                     0.18717362672075247
2.362                     0.1870553773887755
2.363                     0.18693721276287428
2.364                     0.18681913284304913
2.365                     0.18670113762929957
2.366                     0.18658322712162628
2.367                     0.18646540132002878
2.368                     0.1863476602245072
2.369                     0.1862300038350615
2.37                      0.18611243215169165
2.371                     0.18599494517439782
2.372                     0.1858775429031798
2.373                     0.1857602253380377
2.374                     0.1856429924789716
2.375                     0.18552584432598132
2.376                     0.1854087808790669
2.3770000000000002        0.18529180213822832
2.378                     0.1851749081034659
2.379                     0.18505809877477924
2.38                      0.18494137415216874
2.3810000000000002        0.1848247342356339
2.382                     0.18470817902517486
2.383                     0.18459170852079182
2.384                     0.18447532272248496
2.3850000000000002        0.1843590216302536
2.386                     0.1842428052440983
2.387                     0.18412667356401902
2.388                     0.18401062659001566
2.3890000000000002        0.18389466432208795
2.39                      0.18377878676023618
2.391                     0.18366299390446064
2.392                     0.1835472857547608
2.3930000000000002        0.1834316623111367
2.394                     0.18331612357358895
2.395                     0.18319981212899578
2.396                     0.18308319609290075
2.3970000000000002        0.18296665392121336
2.398                     0.18285018561393357
2.399                     0.18273379117106134
2.4                       0.18261747059259667
2.4010000000000002        0.18250122387853934
2.402                     0.18238505102888972
2.403                     0.18226895204364757
2.404                     0.18215292692281332
2.4050000000000002        0.18203697566638613
2.406                     0.18192109827436673
2.407                     0.18180529474675486
2.408                     0.18168956508355064
2.4090000000000003        0.1815739092847538
2.41                      0.1814583273503646
2.411                     0.181342819280383
2.412                     0.18122738507480882
2.4130000000000003        0.18111202473364213
2.414                     0.18099673825688314
2.415                     0.1808815256445316
2.416                     0.1807663868965879
2.4170000000000003        0.18065132201305145
2.418                     0.18053633099392274
2.419                     0.1804214138392014
2.42                      0.18030657054888763
2.4210000000000003        0.1801918011229816
2.422                     0.180077105561483
2.423                     0.17996248386439195
2.424                     0.17984793603170843
2.4250000000000003        0.17973346206343235
2.426                     0.17961906195956392
2.427                     0.17950473572010311
2.428                     0.17939048334504984
2.4290000000000003        0.17927630483440415
2.43                      0.17916220018816584
2.431                     0.17904816940633536
2.432                     0.17893421248891217
2.433                     0.17882032943589662
2.434                     0.1787065202472886
2.435                     0.1785927849230881
2.436                     0.1784791234632953
2.437                     0.17836553586790987
2.438                     0.17825202213693217
2.439                     0.17813858227036175
2.44                      0.17802521626819917
2.441                     0.17791192413044407
2.442                     0.1777987058570964
2.443                     0.1776855614481564
2.444                     0.17757249090362406
2.445                     0.177459494223499
2.446                     0.17734657140778148
2.447                     0.1772337224564718
2.448                     0.17712094736956946
2.449                     0.17700824614707478
2.45                      0.17689561878898752
2.451                     0.17678306529530785
2.452                     0.17667058566603588
2.453                     0.17655817990117137
2.454                     0.17644584800071433
2.455                     0.17633358996466497
2.456                     0.17622140579302303
2.457                     0.17610929548578874
2.458                     0.1759972590429618
2.459                     0.1758852964645427
2.46                      0.1757734077505311
2.461                     0.1756615929009269
2.462                     0.17554985191573033
2.463                     0.1754381847949413
2.464                     0.1753265915385599
2.465                     0.17521507214658585
2.466                     0.17510362661901954
2.467                     0.17499225495586074
2.468                     0.17488095715710938
2.469                     0.17476973322276584
2.47                      0.1746585831528296
2.471                     0.174547506947301
2.472                     0.17443650460617988
2.473                     0.17432557612946645
2.474                     0.1742147215171604
2.475                     0.17410394076926197
2.476                     0.17399323388577112
2.477                     0.17388260086668772
2.478                     0.173772041712012
2.479                     0.17366155642174394
2.48                      0.1735511449958832
2.481                     0.1734408074344302
2.482                     0.17333054373738443
2.483                     0.17322035390474655
2.484                     0.17311023793651606
2.485                     0.1730001958326932
2.486                     0.17289022759327774
2.487                     0.17278033321827008
2.488                     0.1726705127076698
2.489                     0.17256076606147708
2.49                      0.17245109327969185
2.491                     0.1723414943623144
2.492                     0.17223196930934417
2.493                     0.17212251812078178
2.494                     0.17201314079662686
2.495                     0.17190383733687953
2.496                     0.17179460774153943
2.497                     0.17168545201060728
2.498                     0.17157637014408253
2.499                     0.17146736214196537
2.5                       0.17135842800425574
2.501                     0.17124956773095368
2.5020000000000002        0.171140781322059
2.503                     0.17103206877757213
2.504                     0.17092343009749272
2.505                     0.1708148652818207
2.5060000000000002        0.17070637433055644
2.507                     0.17059795724369972
2.508                     0.17048961402125032
2.509                     0.17038134466320878
2.5100000000000002        0.17027314916957448
2.511                     0.17016502754034812
2.512                     0.17005697977552894
2.513                     0.16994900587511755
2.5140000000000002        0.16984110583911355
2.515                     0.1697332796675171
2.516                     0.16962552736032852
2.517                     0.16951784891754704
2.5180000000000002        0.1694102443391733
2.519                     0.16930271362520724
2.52                      0.16919525677564876
2.521                     0.1690878737904975
2.5220000000000002        0.16898056466975397
2.523                     0.16887332941341812
2.524                     0.16876616802148958
2.525                     0.16865908049396877
2.5260000000000002        0.16855206683085544
2.527                     0.16844512703214962
2.528                     0.1683382610978514
2.529                     0.16823146902796088
2.5300000000000002        0.1681247508224776
2.531                     0.1680181064814022
2.532                     0.16791153600473405
2.533                     0.1678050393924736
2.5340000000000003        0.16769861664462074
2.535                     0.1675922677611754
2.536                     0.16748599274213757
2.537                     0.16737979158750746
2.5380000000000003        0.16727366429728455
2.539                     0.1671676108714695
2.54                      0.16706163131006194
2.541                     0.16695572561306185
2.5420000000000003        0.16684989378046927
2.543                     0.1667441358122844
2.544                     0.1666384517085069
2.545                     0.16653284146913705
2.5460000000000003        0.16642730509417472
2.547                     0.1663218425836199
2.548                     0.16621645393747275
2.549                     0.16611113915573325
2.5500000000000003        0.1660058982384011
2.551                     0.16590073118547657
2.552                     0.16579563799695957
2.553                     0.16569061867285007
2.5540000000000003        0.1655856732131483
2.555                     0.16548080161785395
2.556                     0.16537600388696705
2.557                     0.16527128002048785
2.5580000000000003        0.1651666300184161
2.559                     0.16506205388075215
2.56                      0.16495755160749548
2.561                     0.1648531231986463
2.562                     0.16474876865420487
2.563                     0.16464448797417097
2.564                     0.1645402811585446
2.565                     0.1644361482073258
2.566                     0.16433208912051447
2.567                     0.1642281038981108
2.568                     0.1641241925401145
2.569                     0.1640203550465259
2.57                      0.16391659141734483
2.571                     0.16381290165257129
2.572                     0.1637092857522053
2.573                     0.16360574371624703
2.574                     0.16350227554469612
2.575                     0.1633988812375527
2.576                     0.16329556079481694
2.577                     0.1631923142164887
2.578                     0.16308914150256806
2.579                     0.16298604265305483
2.58                      0.16288301766794933
2.581                     0.1627800665472513
2.582                     0.16267718929096098
2.583                     0.162574385899078
2.584                     0.16247165637160246
2.585                     0.16236900070853474
2.586                     0.16226641890987462
2.587                     0.16216391097562177
2.588                     0.16206147690577657
2.589                     0.16195911670033908
2.59                      0.16185683035930903
2.591                     0.16175461788268644
2.592                     0.16165247927047147
2.593                     0.1615504145226641
2.594                     0.16144842363926423
2.595                     0.16134650662027183
2.596                     0.16124466346568725
2.597                     0.16114289417550998
2.598                     0.16104119874974032
2.599                     0.1609395771883782
2.6                       0.16083802949142376
2.601                     0.16073655565887665
2.602                     0.1606351556907372
2.603                     0.16053382958700538
2.604                     0.16043257734768093
2.605                     0.16033139897276416
2.606                     0.16023029446225484
2.607                     0.1601292638161532
2.608                     0.16002830703445903
2.609                     0.15992742411717248
2.61                      0.15982661506429346
2.611                     0.15972587987582199
2.612                     0.15962521855175799
2.613                     0.1595246310921016
2.614                     0.15942411749685279
2.615                     0.15932367776601145
2.616                     0.15922331189957778
2.617                     0.15912301989755165
2.618                     0.1590228017599329
2.619                     0.15892265748672174
2.62                      0.15882258707791824
2.621                     0.15872259053352233
2.622                     0.15862256318713178
2.623                     0.1585215894760663
2.624                     0.15842067979581853
2.625                     0.15831983414638837
2.626                     0.1582190525277758
2.6270000000000002        0.1581183349399808
2.628                     0.15801768138300354
2.629                     0.157917091856844
2.63                      0.15781656636150213
2.6310000000000002        0.15771610489697757
2.632                     0.15761570746327097
2.633                     0.15751537406038196
2.634                     0.15741510468831055
2.6350000000000002        0.15731489934705672
2.636                     0.1572147580366205
2.637                     0.1571146807570021
2.638                     0.15701466750820117
2.6390000000000002        0.15691471829021802
2.64                      0.15681483310305247
2.641                     0.15671501194670445
2.642                     0.15661525482117417
2.6430000000000002        0.1565155617264615
2.644                     0.15641593266256643
2.645                     0.15631636762948917
2.646                     0.15621686662722942
2.6470000000000002        0.1561174296557872
2.648                     0.1560180567151628
2.649                     0.15591874780535592
2.65                      0.15581950292636673
2.6510000000000002        0.15572032207819514
2.652                     0.15562120526084136
2.653                     0.15552215247430515
2.654                     0.15542316371858633
2.6550000000000002        0.15532423899368544
2.656                     0.15522537829960203
2.657                     0.15512658163633633
2.658                     0.15502784900388827
2.6590000000000003        0.1549291804022578
2.66                      0.15483057583144505
2.661                     0.15473203529144988
2.662                     0.1546335587822724
2.6630000000000003        0.15453514630391255
2.664                     0.15443679785637024
2.665                     0.15433851343964564
2.666                     0.15424029305373868
2.6670000000000003        0.15414213669864935
2.668                     0.15404404437437777
2.669                     0.15394601608092365
2.67                      0.1538480518182873
2.6710000000000003        0.15375015158646854
2.672                     0.1536523153854674
2.673                     0.15355454321528386
2.674                     0.15345683507591806
2.6750000000000003        0.15335919096736986
2.676                     0.1532616108896393
2.677                     0.1531640948427264
2.678                     0.15306664282663116
2.6790000000000003        0.1529692548413535
2.68                      0.15287193088689352
2.681                     0.15277467096325106
2.682                     0.15267747507042645
2.6830000000000003        0.15258034320841926
2.684                     0.1524832753772298
2.685                     0.15238627157685805
2.686                     0.15228933180730386
2.6870000000000003        0.15219245606856738
2.688                     0.1520956443606484
2.689                     0.15199889668354719
2.69                      0.15190221303726362
2.691                     0.1518055934217976
2.692                     0.1517090378371493
2.693                     0.15161254628331855
2.694                     0.1515161187603055
2.695                     0.15141975526811005
2.696                     0.1513234558067323
2.697                     0.15122722037617214
2.698                     0.15113104897642973
2.699                     0.15103494160750489
2.7                       0.15093889826939758
2.701                     0.15084291896210805
2.702                     0.15074700368563607
2.703                     0.15065115243998187
2.704                     0.15055536522514507
2.705                     0.15045964204112613
2.706                     0.15036398288792477
2.707                     0.15026838776554102
2.708                     0.15017285667397492
2.709                     0.15007738961322648
2.71                      0.14998198658329562
2.711                     0.1498866475841824
2.712                     0.14979137261588693
2.713                     0.14969616167840896
2.714                     0.14960101477174875
2.715                     0.1495059318959061
2.716                     0.14941091305088114
2.717                     0.14931595823667376
2.718                     0.14922106745328403
2.719                     0.14912624070071198
2.72                      0.14903147797895758
2.721                     0.14893677928802082
2.722                     0.14884214462790166
2.723                     0.14874757399860014
2.724                     0.14865306740011616
2.725                     0.14855862483245
2.726                     0.14846424629560148
2.727                     0.14836993178957048
2.728                     0.14827568131435714
2.729                     0.1481814948699615
2.73                      0.14808737245638345
2.731                     0.1479933140736231
2.732                     0.1478993197216803
2.733                     0.14780538940055513
2.734                     0.14771152311024768
2.735                     0.1476177208507578
2.736                     0.14752398262208555
2.737                     0.14743030842423113
2.738                     0.14733669825719417
2.739                     0.14724315212097486
2.74                      0.14714967001557328
2.741                     0.14705625194098923
2.742                     0.1469628978972229
2.743                     0.1468696078842741
2.744                     0.1467763819021431
2.745                     0.14668321995082967
2.746                     0.14659012203033386
2.747                     0.14649708814065568
2.748                     0.14640411828179511
2.749                     0.14631121245375217
2.75                      0.14621837065652707
2.751                     0.1461255928901195
2.7520000000000002        0.14603287915452942
2.753                     0.1459402294497571
2.754                     0.14584764377580242
2.755                     0.14575512213266542
2.7560000000000002        0.1456626645203459
2.757                     0.14557027093884414
2.758                     0.14547794138816006
2.759                     0.1453856758682936
2.7600000000000002        0.1452934743792447
2.761                     0.1452013369210135
2.762                     0.1451092634936
2.763                     0.14501725409700406
2.7640000000000002        0.14492530873122564
2.765                     0.1448334273962651
2.766                     0.14474161009212208
2.767                     0.14464985681879663
2.7680000000000002        0.14455816757628892
2.769                     0.14446654236459885
2.77                      0.14437498118372635
2.771                     0.14428348403367153
2.7720000000000002        0.14419205091443432
2.773                     0.14410068182601488
2.774                     0.14400937676841297
2.775                     0.1439181357416287
2.7760000000000002        0.14382695874566198
2.777                     0.14373584578051313
2.778                     0.1436447968461817
2.779                     0.14355381194266809
2.7800000000000002        0.14346289106997195
2.781                     0.14337203422809358
2.782                     0.1432812414170328
2.783                     0.14319051263678959
2.7840000000000003        0.14309984788736407
2.785                     0.1430092471687562
2.786                     0.142918710480966
2.787                     0.14282823782399345
2.7880000000000003        0.1427378291978384
2.789                     0.14264748460250115
2.79                      0.14255720403798147
2.791                     0.14246698750427944
2.7920000000000003        0.14237683500139506
2.793                     0.1422867465293283
2.794                     0.14219672208807918
2.795                     0.14210676167764777
2.7960000000000003        0.1420168652980339
2.797                     0.14192703294923775
2.798                     0.1418372646312591
2.799                     0.14174756034409824
2.8000000000000003        0.14165792008775493
2.801                     0.14156834386222925
2.802                     0.14147883166752132
2.803                     0.14138938350363095
2.8040000000000003        0.1412999993705582
2.805                     0.14121067926830314
2.806                     0.1411214231968657
2.807                     0.141032231156246
2.8080000000000003        0.14094310314644376
2.809                     0.14085403916745928
2.81                      0.1407650392192924
2.811                     0.14067610330194313
2.8120000000000003        0.14058723141541143
2.813                     0.14049842355969755
2.814                     0.14040967973480123
2.815                     0.14032099994072247
2.816                     0.1402323841774616
2.817                     0.14014383244501807
2.818                     0.14005534474339226
2.819                     0.1399669210725842
2.82                      0.13987856143259375
2.821                     0.1397902658234208
2.822                     0.13970203424506566
2.823                     0.1396138666975281
2.824                     0.1395257631808082
2.825                     0.13943772369490592
2.826                     0.13934974823982113
2.827                     0.1392618368155542
2.828                     0.1391739894221048
2.829                     0.1390862060594731
2.83                      0.13899848672765902
2.831                     0.13891083142666255
2.832                     0.13882324015648384
2.833                     0.13873571291712253
2.834                     0.13864824970857897
2.835                     0.13856085053085307
2.836                     0.13847351538394487
2.837                     0.13838624426785423
2.838                     0.13829903718258124
2.839                     0.138211894128126
2.84                      0.13812481510448832
2.841                     0.13803780011166814
2.842                     0.13795084914966577
2.843                     0.137863962218481
2.844                     0.1377771393181138
2.845                     0.13769038044856427
2.846                     0.13760368560983247
2.847                     0.1375170548019183
2.848                     0.13743048802482172
2.849                     0.13734398527854266
2.85                      0.13725706055318146
2.851                     0.1371696958879641
2.852                     0.13708238662957595
2.853                     0.1369951327780168
2.854                     0.13690793433328685
2.855                     0.13682079129538596
2.856                     0.13673370366431425
2.857                     0.1366466714400715
2.858                     0.13655969462265805
2.859                     0.1364727732120736
2.86                      0.13638590720831828
2.861                     0.13629909661139206
2.862                     0.13621234142129496
2.863                     0.1361256416380269
2.864                     0.13603899726158805
2.865                     0.1359524082919782
2.866                     0.1358658747291976
2.867                     0.135779396573246
2.868                     0.1356929738241236
2.869                     0.13560660648183023
2.87                      0.135520294546366
2.871                     0.1354340380177308
2.872                     0.1353478368959248
2.873                     0.13526169118094789
2.874                     0.13517560087280012
2.875                     0.13508956597148142
2.876                     0.1350035864769918
2.8770000000000002        0.13491766238933142
2.878                     0.13483179370849988
2.879                     0.13474598043449765
2.88                      0.1346602225673246
2.8810000000000002        0.1345745201069804
2.882                     0.13448887305346557
2.883                     0.13440328140677976
2.884                     0.13431774516692302
2.8850000000000002        0.13423226433389548
2.886                     0.13414683890769696
2.887                     0.1340614688883276
2.888                     0.13397615427578716
2.8890000000000002        0.13389089507007612
2.89                      0.13380569127119404
2.891                     0.133720542879141
2.892                     0.13363544989391732
2.8930000000000002        0.1335504123155225
2.894                     0.1334654301439569
2.895                     0.1333805033792203
2.896                     0.133295632021313
2.8970000000000002        0.1332108160702346
2.898                     0.13312605552598544
2.899                     0.1330413503885654
2.9                       0.13295670065797438
2.9010000000000002        0.13287210633421248
2.902                     0.13278756741727973
2.903                     0.1327030839071761
2.904                     0.13261865580390153
2.9050000000000002        0.13253428310745616
2.906                     0.13244996581783985
2.907                     0.13236570393505262
2.908                     0.13228149745909457
2.9090000000000003        0.13219734638996547
2.91                      0.13211325072766564
2.911                     0.13202921047219487
2.912                     0.13194522562355318
2.9130000000000003        0.13186129618174058
2.914                     0.1317774221467572
2.915                     0.13169360351860288
2.916                     0.13160984029727762
2.9170000000000003        0.13152613248278144
2.918                     0.13144248007511442
2.919                     0.13135888307427654
2.92                      0.13127534148026773
2.9210000000000003        0.13119185529308808
2.922                     0.13110842451273738
2.923                     0.13102504913921606
2.924                     0.13094172917252364
2.9250000000000003        0.1308584646126603
2.926                     0.1307752554596263
2.927                     0.13069210171342124
2.928                     0.1306090033740452
2.9290000000000003        0.1305259604414985
2.93                      0.1304429729157808
2.931                     0.13036004079689212
2.932                     0.1302771640848326
2.9330000000000003        0.1301943427796023
2.934                     0.13011157688120104
2.935                     0.13002886638962882
2.936                     0.12994621130488582
2.9370000000000003        0.12986361162697194
2.938                     0.12978106735588701
2.939                     0.12969857849163127
2.94                      0.1296161450342047
2.9410000000000003        0.1295337669836071
2.942                     0.12945144433983882
2.943                     0.12936917710289947
2.944                     0.1292869652727893
2.945                     0.1292048088495082
2.946                     0.12912270783305624
2.947                     0.12904066222343333
2.948                     0.1289586720206396
2.949                     0.12887673722467496
2.95                      0.1287948578355395
2.951                     0.12871303385323302
2.952                     0.12863126527775579
2.953                     0.1285495521091076
2.954                     0.12846789434728845
2.955                     0.1283862919922984
2.956                     0.12830474504413764
2.957                     0.12822325350280583
2.958                     0.12814181736830316
2.959                     0.12806043664062952
2.96                      0.12797911131978512
2.961                     0.12789784140576976
2.962                     0.12781662689858353
2.963                     0.1277354677982265
2.964                     0.1276543641046984
2.965                     0.1275733158179996
2.966                     0.12749232293812965
2.967                     0.12741138546508918
2.968                     0.12733050339887758
2.969                     0.12724967673949503
2.97                      0.12716890548694168
2.971                     0.12708818964121743
2.972                     0.12700752920232233
2.973                     0.1269269241702563
2.974                     0.1268463745450193
2.975                     0.12676588032661149
2.976                     0.12668544151503278
2.977                     0.12660505811028322
2.978                     0.1265247301123627
2.979                     0.12644445752127137
2.98                      0.12636424033700913
2.981                     0.12628407855957602
2.982                     0.12620397218897192
2.983                     0.126123921225197
2.984                     0.12604392566825115
2.985                     0.12596398551813445
2.986                     0.1258841007748468
2.987                     0.12580427143838827
2.988                     0.12572449750875883
2.989                     0.12564477898595855
2.99                      0.1255651158699873
2.991                     0.1254855081608454
2.992                     0.12540595585853243
2.993                     0.1253264589630486
2.994                     0.12524701747439376
2.995                     0.12516763139256817
2.996                     0.12508830071757157
2.997                     0.12500902544940423
2.998                     0.12492980558806593
2.999                     0.12485064113355669
3                         0.1247715320858766
3.001                     0.12469247844502565
3.0020000000000002        0.12461348021100373
3.003                     0.12453453738381104
3.004                     0.12445564996344728
3.005                     0.1243768179499128
3.0060000000000002        0.12429804134320736
3.007                     0.12421932014333105
3.008                     0.1241406543502838
3.009                     0.12406204396406571
3.0100000000000002        0.12398348898467666
3.011                     0.12390498941211678
3.012                     0.12382654524638606
3.013                     0.12374815648748436
3.0140000000000002        0.12366982313541178
3.015                     0.12359154519016828
3.016                     0.12351332265175398
3.017                     0.12343515552016873
3.0180000000000002        0.12335704379541253
3.019                     0.12327898747748553
3.02                      0.12320098656638762
3.021                     0.12312304106211891
3.0220000000000002        0.12304515096467913
3.023                     0.12296731627406861
3.024                     0.1228895369902871
3.025                     0.12281181311333475
3.0260000000000002        0.12273414464321146
3.027                     0.12265653157991727
3.028                     0.12257897392345223
3.029                     0.12250147167381643
3.0300000000000002        0.12242402483100943
3.031                     0.12234663339503175
3.032                     0.12226929736588321
3.033                     0.12219201674356368
3.0340000000000003        0.12211479152807331
3.035                     0.12203762171941206
3.036                     0.12196050731757986
3.037                     0.12188344832257682
3.0380000000000003        0.1218064447344029
3.039                     0.12172949655305795
3.04                      0.12165260377854227
3.041                     0.12157576641085567
3.0420000000000003        0.12149898444999804
3.043                     0.1214222578959697
3.044                     0.12134558674877038
3.045                     0.12126897100840016
3.0460000000000003        0.1211924106748591
3.047                     0.12111590574814707
3.048                     0.12103945622826429
3.049                     0.12096306211521059
3.0500000000000003        0.12088672340898587
3.051                     0.12081044010959031
3.052                     0.12073421221702388
3.053                     0.12065803973128653
3.0540000000000003        0.12058192265237841
3.055                     0.12050586098029917
3.056                     0.12042985471504923
3.057                     0.12035390385662843
3.0580000000000003        0.12027800840503657
3.059                     0.1202021683602739
3.06                      0.12012638372234036
3.061                     0.12005065449123592
3.0620000000000003        0.11997498066696057
3.063                     0.11989936224951432
3.064                     0.11982379923889727
3.065                     0.1197482916351092
3.0660000000000003        0.11967283943815031
3.067                     0.11959744264802047
3.068                     0.11952210126471985
3.069                     0.1194468152882482
3.0700000000000003        0.1193715847186057
3.071                     0.11929640955579236
3.072                     0.11922128979980813
3.073                     0.119146225450653
3.074                     0.11907121650832694
3.075                     0.11899626297283002
3.076                     0.11892136484416219
3.077                     0.1188465221223235
3.078                     0.11877097089587565
3.079                     0.11869537818205879
3.08                      0.11861983340244135
3.081                     0.1185443365570231
3.082                     0.11846888764580424
3.083                     0.1183934866687846
3.084                     0.11831813362596437
3.085                     0.11824282851734338
3.086                     0.1181675713429217
3.087                     0.11809236210269915
3.088                     0.11801720079667612
3.089                     0.11794208742485224
3.09                      0.11786702198722775
3.091                     0.11779200448380248
3.092                     0.11771703491457663
3.093                     0.11764211327954997
3.094                     0.11756723957872264
3.095                     0.11749241381209458
3.096                     0.11741763597966581
3.097                     0.1173429060814364
3.098                     0.11726822411740627
3.099                     0.11719359008757539
3.1                       0.11711900399194379
3.101                     0.11704446583051156
3.102                     0.11696997560327853
3.103                     0.1168955333102449
3.104                     0.11682113895141051
3.105                     0.11674679252677544
3.106                     0.11667249403633968
3.107                     0.1165982434801032
3.108                     0.11652404085806603
3.109                     0.11644988617022807
3.11                      0.11637577941658953
3.111                     0.11630172059715012
3.112                     0.11622770971191018
3.113                     0.1161537467608695
3.114                     0.11607983174402799
3.115                     0.11600596466138594
3.116                     0.11593214551294315
3.117                     0.1158583742986996
3.118                     0.11578465101865533
3.119                     0.11571097567281041
3.12                      0.11563734826116481
3.121                     0.11556376878371849
3.122                     0.11549023724047137
3.123                     0.11541675363142366
3.124                     0.11534331795657515
3.125                     0.11526993021592609
3.126                     0.11519659040947627
3.1270000000000002        0.1151232985372256
3.128                     0.11505005459917428
3.129                     0.11497685859532232
3.13                      0.11490371052566979
3.1310000000000002        0.11483061039021639
3.132                     0.11475755818896219
3.133                     0.11468455392190756
3.134                     0.11461159758905198
3.1350000000000002        0.11453868919039575
3.136                     0.11446582872593881
3.137                     0.11439301619568128
3.138                     0.11432025159962306
3.1390000000000002        0.11424753493776395
3.14                      0.11417486621010431
3.141                     0.11410224541664389
3.142                     0.11402967255738279
3.1430000000000002        0.11395714763232091
3.144                     0.11388467064145841
3.145                     0.11381224158479522
3.146                     0.11373986046233125
3.1470000000000002        0.11366752727406666
3.148                     0.11359524202000122
3.149                     0.11352300470013528
3.15                      0.11345081531446852
3.1510000000000002        0.113378673863001
3.152                     0.11330658034573286
3.153                     0.113234534762664
3.154                     0.11316253711379445
3.1550000000000002        0.11309058739912418
3.156                     0.11301868561865329
3.157                     0.11294683177238159
3.158                     0.1128750258603092
3.1590000000000003        0.11280326788243605
3.16                      0.11273155783876235
3.161                     0.11265989572928783
3.162                     0.11258828155401263
3.1630000000000003        0.11251671531293671
3.164                     0.11244519700606012
3.165                     0.11237372663338288
3.166                     0.11230230419490483
3.1670000000000003        0.11223092969062616
3.168                     0.11215960312054679
3.169                     0.11208832448466659
3.17                      0.11201709378298579
3.1710000000000003        0.11194591101550425
3.172                     0.1118747761822221
3.173                     0.11180368928313915
3.174                     0.11173265031825551
3.1750000000000003        0.1116616592875711
3.176                     0.11159071619108606
3.177                     0.11151982102880036
3.178                     0.11144897380071386
3.1790000000000003        0.11137817450682672
3.18                      0.1113074231471389
3.181                     0.11123671972165033
3.182                     0.11116606423036106
3.1830000000000003        0.11109545667327111
3.184                     0.1110248970503804
3.185                     0.11095438536168904
3.186                     0.11088392160719698
3.1870000000000003        0.11081350578690413
3.188                     0.11074313790081061
3.189                     0.11067281794891651
3.19                      0.11060254593122162
3.1910000000000003        0.11053232184772598
3.192                     0.1104621456984297
3.193                     0.11039201748333263
3.194                     0.11032193720243501
3.1950000000000003        0.11025190485573653
3.196                     0.11018192044323742
3.197                     0.11011198396493758
3.198                     0.11004209542083707
3.1990000000000003        0.10997225481093587
3.2                       0.1099024621352339
3.201                     0.10983271739373132
3.202                     0.10976302058642796
3.203                     0.10969337171332393
3.204                     0.10962377077441912
3.205                     0.10955421776971368
3.206                     0.10948471269920758
3.207                     0.1094152555629006
3.208                     0.1093458463607931
3.209                     0.10927648509288487
3.21                      0.10920717175917594
3.211                     0.10913790635966622
3.212                     0.10906868889435588
3.213                     0.10899951936324481
3.214                     0.10893039776633295
3.215                     0.10886132410362054
3.216                     0.1087922983751073
3.217                     0.1087233205807934
3.218                     0.10865439072067885
3.219                     0.10858550879476347
3.22                      0.10851667480304755
3.221                     0.10844788874553078
3.222                     0.10837915062221337
3.223                     0.10831046043309524
3.224                     0.1082418181781764
3.225                     0.1081732238574569
3.226                     0.10810467747093672
3.227                     0.1080361790186158
3.228                     0.10796772850049409
3.229                     0.10789932591657181
3.23                      0.1078309712668487
3.231                     0.10776266455132491
3.232                     0.10769440577000054
3.233                     0.1076261949228754
3.234                     0.10755803200994944
3.235                     0.10748991703122299
3.236                     0.10742184998669575
3.237                     0.10735383087636774
3.238                     0.10728585970023906
3.239                     0.10721793645830971
3.24                      0.10715006115057958
3.241                     0.10708223377704885
3.242                     0.10701445433771739
3.243                     0.10694672283258515
3.244                     0.10687903926165218
3.245                     0.10681140362491859
3.246                     0.10674381592238433
3.247                     0.10667627615404932
3.248                     0.10660878431991362
3.249                     0.10654134041997727
3.25                      0.10647394445424013
3.251                     0.10640659642270225
3.2520000000000002        0.10633929632536372
3.253                     0.1062720441622245
3.254                     0.1062048399332845
3.255                     0.106137683638544
3.2560000000000002        0.10607057527800252
3.257                     0.10600351485166053
3.258                     0.1059365023595178
3.259                     0.10586953780157447
3.2600000000000002        0.10580262117783018
3.261                     0.10573575248828539
3.262                     0.1056689317329398
3.263                     0.1056021589117936
3.2640000000000002        0.10553543402484655
3.265                     0.10546875707209884
3.266                     0.10540212805355055
3.267                     0.1053355469692014
3.2680000000000002        0.1052690138190516
3.269                     0.10520252860310121
3.27                      0.10513609132135
3.271                     0.10506970197379818
3.2720000000000002        0.1050033605604455
3.273                     0.10493706708129222
3.274                     0.10487082153633819
3.275                     0.10480462392558347
3.2760000000000002        0.10473847424902806
3.277                     0.10467237250667195
3.278                     0.10460631869851515
3.279                     0.10454031282455757
3.2800000000000002        0.10447435488479934
3.281                     0.10440844487924042
3.282                     0.10434258280788083
3.283                     0.10427676867072051
3.2840000000000003        0.1042110024677594
3.285                     0.10414528419899764
3.286                     0.10407961386443516
3.287                     0.1040139914640721
3.2880000000000003        0.10394841699790822
3.289                     0.10388289046594368
3.29                      0.10381741186817842
3.291                     0.10375198120461233
3.2920000000000003        0.1036865984752457
3.293                     0.10362126368007835
3.294                     0.10355597681911027
3.295                     0.10349073789234152
3.2960000000000003        0.10342554689977196
3.297                     0.10336040384140173
3.298                     0.10329530871723092
3.299                     0.10323026152725925
3.3000000000000003        0.10316526227148701
3.301                     0.10310031094991404
3.302                     0.10303540756254026
3.303                     0.1029705521093659
3.3040000000000003        0.10290574459039073
3.305                     0.10284076762768982
3.306                     0.10277531604075993
3.307                     0.10270990593106738
3.3080000000000003        0.10264453729861216
3.309                     0.10257921014339427
3.31                      0.10251392446541367
3.311                     0.10244868026467033
3.3120000000000003        0.10238347754116431
3.313                     0.10231831629489561
3.314                     0.10225319652586426
3.315                     0.1021881182340702
3.3160000000000003        0.10212308141951337
3.317                     0.10205808608219392
3.318                     0.10199313222211173
3.319                     0.10192821983926693
3.3200000000000003        0.10186334893365943
3.321                     0.10179851950528923
3.322                     0.1017337315541564
3.323                     0.10166898508026079
3.3240000000000003        0.10160428008360244
3.325                     0.10153961656418145
3.326                     0.10147499452199785
3.327                     0.10141041395705146
3.3280000000000003        0.10134587486934236
3.329                     0.10128137725887061
3.33                      0.10121692112563627
3.331                     0.10115250646963912
3.332                     0.10108813329087935
3.333                     0.10102380158935682
3.334                     0.10095951136507161
3.335                     0.1008952626180237
3.336                     0.10083105534821313
3.337                     0.10076688955563981
3.338                     0.10070276524030393
3.339                     0.10063868240220528
3.34                      0.10057464104134392
3.341                     0.10051064115771988
3.342                     0.10044668275133317
3.343                     0.10038276582218376
3.344                     0.10031889037027171
3.345                     0.10025505639559695
3.346                     0.1001912638981594
3.347                     0.10012751287795918
3.348                     0.10006380333499634
3.349                     0.10000013526927082
3.35                      0.09993650868078253
3.351                     0.09987292356953159
3.352                     0.099809379935518
3.353                     0.09974587777874168
3.354                     0.09968241709920267
3.355                     0.099618997896901
3.356                     0.09955562017183665
3.357                     0.09949228392400947
3.358                     0.09942898915341974
3.359                     0.09936573586006725
3.36                      0.09930252404395212
3.361                     0.09923935370507425
3.362                     0.09917622484343382
3.363                     0.09911313745903062
3.364                     0.0990500915518646
3.365                     0.09898708712193602
3.366                     0.0989241241692447
3.367                     0.0988612026937908
3.368                     0.09879832269557409
3.369                     0.09873548417459474
3.37                      0.09867268713085267
3.371                     0.09860993156434796
3.372                     0.09854721747508051
3.373                     0.09848454486305025
3.374                     0.09842191372825748
3.375                     0.098359324070702
3.376                     0.09829677589038383
3.3770000000000002        0.09823426918730284
3.378                     0.09817180396145932
3.379                     0.09810938021285308
3.38                      0.09804699794148405
3.3810000000000002        0.09798465714735241
3.382                     0.09792235783045812
3.383                     0.09786009999080103
3.384                     0.09779788362838135
3.3850000000000002        0.09773570874319891
3.386                     0.09767357533525381
3.387                     0.09761148340454599
3.388                     0.09754943295107556
3.3890000000000002        0.09748742397484235
3.39                      0.09742545647584652
3.391                     0.09736353045408791
3.392                     0.09730164590956669
3.3930000000000002        0.0972398028422827
3.394                     0.09717800125223611
3.395                     0.09711624113942675
3.396                     0.0970545225038548
3.3970000000000002        0.09699284534552004
3.398                     0.09693120966442266
3.399                     0.09686961546056251
3.4                       0.09680806273393978
3.4010000000000002        0.09674655148455427
3.402                     0.09668508171240617
3.403                     0.09662365341749533
3.404                     0.09656226659982176
3.4050000000000002        0.09650092125938552
3.406                     0.09643961739618664
3.407                     0.09637835501022501
3.408                     0.09631713410150074
3.4090000000000003        0.09625595467001374
3.41                      0.09619481671576409
3.411                     0.09613372023875168
3.412                     0.0960726652389766
3.4130000000000003        0.09601165171643887
3.414                     0.09595067967113846
3.415                     0.09588974910307532
3.416                     0.09582886001224948
3.4170000000000003        0.09576801239866091
3.418                     0.09570720626230973
3.419                     0.09564644160319581
3.42                      0.09558571842131922
3.4210000000000003        0.09552503671667995
3.422                     0.09546439648927796
3.423                     0.09540379773911332
3.424                     0.09534324046618602
3.4250000000000003        0.09528272467049594
3.426                     0.09522225035204328
3.427                     0.09516181751082778
3.428                     0.09510142614684967
3.4290000000000003        0.09504107626010887
3.43                      0.0949807678506054
3.431                     0.09492050091833917
3.432                     0.09486027546331036
3.4330000000000003        0.09480009148551882
3.434                     0.09473994898496448
3.435                     0.09467984796164755
3.436                     0.09461978841556794
3.4370000000000003        0.09455977034672555
3.438                     0.09449979375512058
3.439                     0.09443985864075284
3.44                      0.09437996500362249
3.4410000000000003        0.09432011284372936
3.442                     0.09426030216107358
3.443                     0.09420053295565507
3.444                     0.09414080522747396
3.4450000000000003        0.09408111897653007
3.446                     0.09402147420282352
3.447                     0.0939618709063543
3.448                     0.09390230908712238
3.4490000000000003        0.09384278874512772
3.45                      0.09378330988037047
3.451                     0.09372387249285054
3.452                     0.09366447658256784
3.4530000000000003        0.09360512214952242
3.454                     0.0935458091937143
3.455                     0.09348653771514363
3.456                     0.09342730771381008
3.457                     0.09336811918971398
3.458                     0.0933089721428552
3.459                     0.0932498665732336
3.46                      0.09319080248084942
3.461                     0.09313177986570254
3.462                     0.09307279872779292
3.463                     0.09301385906712072
3.464                     0.09295496088368568
3.465                     0.09289610417748793
3.466                     0.09283728894852762
3.467                     0.09277851519680455
3.468                     0.09271978292231886
3.469                     0.0926610921250704
3.47                      0.09260244280505928
3.471                     0.0925438349622855
3.472                     0.09248526859674905
3.473                     0.09242674370844982
3.474                     0.09236826029738789
3.475                     0.09230981836356335
3.476                     0.09225141790697614
3.477                     0.09219305892762619
3.478                     0.09213474142551348
3.479                     0.09207646540063812
3.48                      0.09201823085300011
3.481                     0.09196003778259944
3.482                     0.09190188618943602
3.483                     0.0918437760735099
3.484                     0.09178570743482112
3.485                     0.09172768027336967
3.486                     0.09166969458915547
3.487                     0.09161175038217863
3.488                     0.09155384765243907
3.489                     0.09149598639993678
3.49                      0.09143816662467183
3.491                     0.09138038832664427
3.492                     0.09132265150585396
3.493                     0.09126495616230094
3.494                     0.09120730229598523
3.495                     0.09114968990690689
3.496                     0.09109211899506581
3.497                     0.09103458956046204
3.498                     0.09097710160309559
3.499                     0.09091965512296644
3.5                       0.09086225012007462
3.501                     0.09080488659442003
3.5020000000000002        0.0907475645460028
3.503                     0.09069028397482291
3.504                     0.09063304488088031
3.505                     0.090575847264175
3.5060000000000002        0.09051869112470708
3.507                     0.09046157646247638
3.508                     0.09040450327748303
3.509                     0.09034747156972697
3.5100000000000002        0.09029048133920821
3.511                     0.09023353258592678
3.512                     0.09017662530988269
3.513                     0.09011975951107583
3.5140000000000002        0.09006293518950631
3.515                     0.0900061523451741
3.516                     0.08994941097807924
3.517                     0.08989271108822161
3.5180000000000002        0.08983605267560137
3.519                     0.08977943574021839
3.52                      0.08972286028207278
3.521                     0.08966632630116447
3.5220000000000002        0.08960983379749336
3.523                     0.08955338277105966
3.524                     0.08949697322186326
3.525                     0.08944060514990416
3.5260000000000002        0.08938427855518233
3.527                     0.08932799343769783
3.528                     0.08927174979745073
3.529                     0.08921554763444088
3.5300000000000002        0.08915938694866829
3.531                     0.08910326774013305
3.532                     0.08904719000883508
3.533                     0.08899071031668032
3.5340000000000003        0.08893407377627513
3.535                     0.08887747313234942
3.536                     0.08882090838490299
3.537                     0.08876437953393602
3.5380000000000003        0.08870788657944845
3.539                     0.0886514295214403
3.54                      0.08859500835991158
3.541                     0.08853862309486228
3.5420000000000003        0.08848227372629226
3.543                     0.08842596025420181
3.544                     0.08836968267859065
3.545                     0.08831344099945901
3.5460000000000003        0.08825723521680666
3.547                     0.08820106533063382
3.548                     0.08814493134094024
3.549                     0.08808883324772628
3.5500000000000003        0.08803277105099153
3.551                     0.08797674475073629
3.552                     0.08792075434696041
3.553                     0.08786479983966396
3.5540000000000003        0.08780888122884689
3.555                     0.08775299851450925
3.556                     0.08769715169665107
3.557                     0.08764134077527225
3.5580000000000003        0.08758556575037282
3.559                     0.08752982662195287
3.56                      0.08747412339001218
3.561                     0.08741845605455106
3.5620000000000003        0.08736282461556928
3.563                     0.08730722907306691
3.564                     0.08725166942704402
3.565                     0.08719614567750042
3.5660000000000003        0.08714065782443628
3.567                     0.08708520586785157
3.568                     0.08702978980774612
3.569                     0.08697440964412026
3.5700000000000003        0.08691906537697368
3.571                     0.08686375700630662
3.572                     0.08680848453211885
3.573                     0.08675324795441061
3.5740000000000003        0.08669804727318171
3.575                     0.08664288248843223
3.576                     0.0865877536001622
3.577                     0.08653266060837145
3.5780000000000003        0.08647760351306025
3.579                     0.08642258231422836
3.58                      0.08636759701187594
3.581                     0.08631264760600295
3.5820000000000003        0.08625773409660926
3.583                     0.08620285648369502
3.584                     0.08614801476726022
3.585                     0.08609320894730481
3.586                     0.08603843902382877
3.587                     0.0859837049968322
3.588                     0.08592900686631508
3.589                     0.08587434463227725
3.59                      0.0858197182947189
3.591                     0.08576512785363995
3.592                     0.08571057330904033
3.593                     0.08565605466092023
3.594                     0.0856015719092795
3.595                     0.08554712505411814
3.596                     0.08549271409543624
3.597                     0.08543833903323372
3.598                     0.08538399986751058
3.599                     0.08532969659826686
3.6                       0.08527542922550257
3.601                     0.0852211977492177
3.602                     0.08516700216941221
3.603                     0.0851128424860861
3.604                     0.08505871869923946
3.605                     0.08500463080887222
3.606                     0.08495057881498437
3.607                     0.08489656271757592
3.608                     0.08484258251664693
3.609                     0.08478863821219727
3.61                      0.08473472980422704
3.611                     0.08468085729273628
3.612                     0.08462702067772487
3.613                     0.08457321995919287
3.614                     0.08451945513714028
3.615                     0.08446572621156706
3.616                     0.08441203318247327
3.617                     0.08435837604985898
3.618                     0.08430475481372393
3.619                     0.0842511694740684
3.62                      0.08419762003089228
3.621                     0.08414410648419557
3.622                     0.08409062883397819
3.623                     0.08403718708024024
3.624                     0.08398378122298178
3.625                     0.08393041126220262
3.626                     0.08387707719790297
3.6270000000000002        0.08382377903008267
3.628                     0.08377051675874171
3.629                     0.0837172903838803
3.63                      0.08366409990549822
3.6310000000000002        0.08361094532359557
3.632                     0.0835578266381723
3.633                     0.08350474384922843
3.634                     0.08345169695676398
3.6350000000000002        0.08339868596077891
3.636                     0.08334571086127336
3.637                     0.08329277165824708
3.638                     0.08323986835170033
3.6390000000000002        0.0831870009416329
3.64                      0.08313416942804495
3.641                     0.08308137381093632
3.642                     0.08302861409030714
3.6430000000000002        0.08297589026615734
3.644                     0.08292320233848698
3.645                     0.08287055030729606
3.646                     0.0828179341725845
3.6470000000000002        0.08276535393435233
3.648                     0.08271280959259962
3.649                     0.08266030114732632
3.65                      0.0826078285985324
3.6510000000000002        0.08255539194621786
3.652                     0.08250299119038278
3.653                     0.08245062633102708
3.654                     0.08239829736815077
3.6550000000000002        0.0823460043017538
3.656                     0.08229374713183638
3.657                     0.08224152585839832
3.658                     0.08218934048143971
3.6590000000000003        0.08213719100096047
3.66                      0.08208507741696054
3.661                     0.08203299972944009
3.662                     0.0819809579383991
3.6630000000000003        0.08192895204383749
3.664                     0.0818769820457552
3.665                     0.08182504794415248
3.666                     0.08177314973902906
3.6670000000000003        0.08172128743038505
3.668                     0.08166946101822044
3.669                     0.08161767050253535
3.67                      0.08156591588332956
3.6710000000000003        0.0815141971606032
3.672                     0.08146251433435622
3.673                     0.08141086740458865
3.674                     0.08135925637130055
3.6750000000000003        0.08130768123449175
3.676                     0.08125614199416248
3.677                     0.08120463865031252
3.678                     0.08115317120294199
3.6790000000000003        0.08110173965205092
3.68                      0.08105034399763919
3.681                     0.08099898423970692
3.682                     0.0809476603782541
3.6830000000000003        0.08089637241328057
3.684                     0.08084512034478651
3.685                     0.08079390417277181
3.686                     0.08074272389723659
3.6870000000000003        0.08069157951818069
3.688                     0.08064047103560432
3.689                     0.08058939844950733
3.69                      0.08053836175988961
3.6910000000000003        0.08048736096675142
3.692                     0.08043639607009262
3.693                     0.08038546706991326
3.694                     0.08033457396621324
3.6950000000000003        0.08028371675899265
3.696                     0.08023289544825148
3.697                     0.08018211003398969
3.698                     0.08013136051620735
3.6990000000000003        0.0800806468949044
3.7                       0.08002996917008089
3.701                     0.07997932734173668
3.702                     0.07992872140987199
3.7030000000000003        0.07987815137448663
3.704                     0.07982761723558074
3.705                     0.07977711899315422
3.706                     0.07972665664720711
3.7070000000000003        0.07967623019773944
3.708                     0.07962583964475113
3.709                     0.07957548498824228
3.71                      0.07952516622821282
3.7110000000000003        0.07947488336466274
3.712                     0.07942463639759206
3.713                     0.07937442532700081
3.714                     0.079324250152889
3.715                     0.07927411087525654
3.716                     0.07922400749410348
3.717                     0.07917394000942989
3.718                     0.07912390842123566
3.719                     0.07907391272952088
3.72                      0.07902395293428548
3.721                     0.07897402903552948
3.722                     0.07892414103325286
3.723                     0.07887428892745575
3.724                     0.07882447271813793
3.725                     0.07877469240529965
3.726                     0.07872494798894064
3.727                     0.07867523946906115
3.728                     0.07862556684566094
3.729                     0.07857593011874021
3.73                      0.0785263292882989
3.731                     0.07847676435433702
3.732                     0.07842723531685454
3.733                     0.07837774217585143
3.734                     0.07832828493132768
3.735                     0.07827886358328338
3.736                     0.07822947813171857
3.737                     0.07818012857663306
3.738                     0.07813081491802697
3.739                     0.07808153715590034
3.74                      0.07803229529025307
3.741                     0.0779830893210853
3.742                     0.07793391924839684
3.743                     0.07788478507218784
3.744                     0.0778356867924582
3.745                     0.07778662440920796
3.746                     0.0777375979224372
3.747                     0.07768860733214579
3.748                     0.07763965263833378
3.749                     0.07759073384100122
3.75                      0.07754185094014805
3.751                     0.07749300393577427
3.7520000000000002        0.07744419282787991
3.753                     0.07739541761646496
3.754                     0.07734667830152941
3.755                     0.0772979748830733
3.7560000000000002        0.07724930736109653
3.757                     0.07720067573559922
3.758                     0.07715208000658134
3.759                     0.07710352017404284
3.7600000000000002        0.07705494306731661
3.761                     0.07700590283454635
3.762                     0.07695689367124126
3.763                     0.07690791557740126
3.7640000000000002        0.07685896855302643
3.765                     0.07681005259811666
3.766                     0.07676116771267207
3.767                     0.07671231389669256
3.7680000000000002        0.07666349115017815
3.769                     0.0766146994731289
3.77                      0.07656593886554482
3.771                     0.07651720932742569
3.7720000000000002        0.07646851085877181
3.773                     0.07641984345958303
3.774                     0.07637120712985938
3.775                     0.07632260186960081
3.7760000000000002        0.07627402767880738
3.777                     0.07622548455747913
3.778                     0.07617697250561595
3.779                     0.07612849152321786
3.7800000000000002        0.07608004161028492
3.781                     0.07603162276681713
3.782                     0.07598323499281442
3.783                     0.07593487828827687
3.7840000000000003        0.07588655265320443
3.785                     0.07583825808759709
3.786                     0.07578999459145486
3.787                     0.07574176216477777
3.7880000000000003        0.07569356080756579
3.789                     0.07564539051981892
3.79                      0.0755972513015372
3.791                     0.07554914315272067
3.7920000000000003        0.07550106607336914
3.793                     0.07545302006348271
3.794                     0.07540500512306149
3.795                     0.07535702125210536
3.7960000000000003        0.07530906845061434
3.797                     0.07526114671858845
3.798                     0.07521325605602772
3.799                     0.07516539646293209
3.8000000000000003        0.07511756793930154
3.801                     0.07506977048513616
3.802                     0.07502200410043582
3.803                     0.07497426878520072
3.8040000000000003        0.07492656453943065
3.805                     0.07487889136312569
3.806                     0.07483124925628591
3.807                     0.07478363821891125
3.8080000000000003        0.07473605825100166
3.809                     0.07468850935255725
3.81                      0.07464099152357792
3.811                     0.0745935047640637
3.8120000000000003        0.07454604907401463
3.813                     0.07449862445343068
3.814                     0.07445123090231187
3.815                     0.07440386842065813
3.8160000000000003        0.07435653700846949
3.817                     0.07430923666574606
3.818                     0.07426196739248768
3.819                     0.07421472918869446
3.8200000000000003        0.07416752205436639
3.821                     0.07412034598950332
3.822                     0.07407320099410547
3.823                     0.07402608706817275
3.8240000000000003        0.07397900421170507
3.825                     0.0739319524247026
3.826                     0.07388493170716517
3.827                     0.0738379420590929
3.8280000000000003        0.07379098348048571
3.829                     0.07374405597134372
3.83                      0.0736971595316668
3.831                     0.07365029416145505
3.8320000000000003        0.07360345986070833
3.833                     0.07355665662942683
3.834                     0.07350988446761043
3.835                     0.07346314337525912
3.8360000000000003        0.07341643335237288
3.837                     0.07336975439895183
3.838                     0.07332310651499593
3.839                     0.07327648970050506
3.84                      0.07322990395547938
3.841                     0.0731833492799188
3.842                     0.07313682567382335
3.843                     0.07309033313719299
3.844                     0.07304387167002782
3.845                     0.07299744127232766
3.846                     0.07295104194409266
3.847                     0.07290467368532283
3.848                     0.07285833649601811
3.849                     0.07281203037617844
3.85                      0.07276575532580395
3.851                     0.07271951134489459
3.852                     0.07267329843345031
3.853                     0.07262711659147121
3.854                     0.07258096581895718
3.855                     0.0725348461159083
3.856                     0.0724887574823245
3.857                     0.07244269991820586
3.858                     0.0723966734235523
3.859                     0.07235067799836392
3.86                      0.07230471364264064
3.861                     0.07225878035638247
3.862                     0.07221287813958942
3.863                     0.0721670069922615
3.864                     0.07212116691439867
3.865                     0.07207535790600095
3.866                     0.07202957996706841
3.867                     0.07198383309760092
3.868                     0.07193811729759861
3.869                     0.07189243256706142
3.87                      0.07184677890598933
3.871                     0.07180115631438232
3.872                     0.0717555647922405
3.873                     0.0717100043395638
3.874                     0.07166447495635216
3.875                     0.07161897664260565
3.876                     0.07157350939832435
3.8770000000000002        0.07152807322350811
3.878                     0.07148266811815698
3.879                     0.07143729408227092
3.88                      0.07139195111585006
3.8810000000000002        0.07134663921889431
3.882                     0.07130135839140367
3.883                     0.07125610863337815
3.884                     0.07121088994481779
3.8850000000000002        0.0711657023257225
3.886                     0.07112054577609234
3.887                     0.07107542029592727
3.888                     0.07103032588522736
3.8890000000000002        0.07098526254399255
3.89                      0.0709402302722229
3.891                     0.07089522906991834
3.892                     0.07085025893707893
3.8930000000000002        0.07080531987370453
3.894                     0.07076041187979538
3.895                     0.07071553495535132
3.896                     0.0706706891003724
3.8970000000000002        0.07062587431485853
3.898                     0.0705810905988098
3.899                     0.07053633795222625
3.9                       0.07049161637510779
3.9010000000000002        0.07044692586745442
3.902                     0.07040226642926621
3.903                     0.07035763806054308
3.904                     0.0703130407612851
3.9050000000000002        0.07026847453149228
3.906                     0.07022393937116449
3.907                     0.07017943528030188
3.908                     0.07013496225890434
3.9090000000000003        0.07009052030697197
3.91                      0.07004610942450469
3.911                     0.07000172961150261
3.912                     0.06995738086796556
3.9130000000000003        0.06991306319389363
3.914                     0.06986877658928686
3.915                     0.06982452105414517
3.916                     0.06978029658846865
3.9170000000000003        0.06973610319225722
3.918                     0.06969194086551093
3.919                     0.06964780960822975
3.92                      0.06960370942041368
3.9210000000000003        0.06955964030206271
3.922                     0.06951560225317692
3.923                     0.06947159527375625
3.924                     0.0694276193638007
3.9250000000000003        0.0693836745233102
3.926                     0.06933976075228486
3.927                     0.06929587805072467
3.928                     0.0692520264186296
3.9290000000000003        0.06920820585599959
3.93                      0.06916441636283473
3.931                     0.069120657939135
3.932                     0.06907693058490037
3.9330000000000003        0.0690332343001309
3.934                     0.06898956908482654
3.935                     0.06894593493898726
3.936                     0.06890233186261312
3.9370000000000003        0.06885875985570414
3.938                     0.06881521891826023
3.939                     0.06877170905028145
3.94                      0.06872823025176784
3.9410000000000003        0.06868478252271926
3.942                     0.06864136586313589
3.943                     0.06859798027301761
3.944                     0.06855462575236447
3.9450000000000003        0.06851130230117637
3.946                     0.06846800991945348
3.947                     0.06842474860719566
3.948                     0.06838151836440301
3.9490000000000003        0.0683383191910754
3.95                      0.06829515108721297
3.951                     0.06825201405281567
3.952                     0.06820890808788346
3.9530000000000003        0.06816583319241636
3.954                     0.06812278936641442
3.955                     0.06807977660987757
3.956                     0.06803679492280586
3.9570000000000003        0.06799384430519928
3.958                     0.06795092475705775
3.959                     0.06790803627838143
3.96                      0.06786517886917016
3.9610000000000003        0.06782235252942405
3.962                     0.0677795572591431
3.963                     0.0677367930583272
3.964                     0.06769405992697647
3.9650000000000003        0.06765135786509077
3.966                     0.0676086868726703
3.967                     0.0675660469497149
3.968                     0.06752343809622466
3.969                     0.06748086031219949
3.97                      0.06743831359763944
3.971                     0.06739579795254454
3.972                     0.06735331337691476
3.973                     0.06731085987075011
3.974                     0.0672684374340505
3.975                     0.06722604606681609
3.976                     0.06718368576904678
3.977                     0.06714135654074259
3.978                     0.06709905838190353
3.979                     0.0670567912925296
3.98                      0.06701455527262073
3.981                     0.06697235032217708
3.982                     0.06693017644119846
3.983                     0.06688803362968503
3.984                     0.06684592188763668
3.985                     0.06680384121505341
3.986                     0.06676179161193532
3.987                     0.06671977307828235
3.988                     0.0666775486527832
3.989                     0.06663511273655014
3.99                      0.06659270371265924
3.991                     0.06655032158111061
3.992                     0.06650796634190428
3.993                     0.06646563799504007
3.994                     0.06642333654051813
3.995                     0.06638106197833846
3.996                     0.066338814308501
3.997                     0.06629659353100574
3.998                     0.06625439964585271
3.999                     0.06621223265304198
4                         0.06617009255257339
4.001                     0.06612797934444709
4.002                     0.06608589302866301
4.003                     0.0660438336052211
4.0040000000000004        0.06600180107412147
4.005                     0.06595979543536408
4.006                     0.0659178166889489
4.007                     0.06587586483487592
4.008                     0.0658339398731453
4.009                     0.06579204180375678
4.01                      0.0657501706267105
4.011                     0.06570832634200648
4.0120000000000005        0.06566650894964465
4.013                     0.06562471844962516
4.014                     0.06558295484194776
4.015                     0.0655412181266127
4.016                     0.0654995083036198
4.017                     0.06545782537296911
4.018                     0.06541616933466075
4.019                     0.06537454018869458
4.0200000000000005        0.06533293793507056
4.021                     0.0652913625737889
4.022                     0.06524981410484935
4.023                     0.0652082925282521
4.024                     0.06516679784399702
4.025                     0.06512533005208426
4.026                     0.06508388915251369
4.027                     0.06504247514528531
4.0280000000000005        0.06500108803039921
4.029                     0.06495972780785533
4.03                      0.06491839447765364
4.031                     0.06487708803979424
4.032                     0.06483580849427703
4.033                     0.06479455584110205
4.034                     0.06475333008026933
4.035                     0.06471213121177885
4.0360000000000005        0.06467095923563052
4.037                     0.06462981415182455
4.038                     0.06458869596036065
4.039                     0.0645476046612391
4.04                      0.06450654025445976
4.041                     0.06446550274002258
4.042                     0.0644244921179277
4.043                     0.064383508388175
4.0440000000000005        0.06434255155076456
4.045                     0.06430162160569639
4.046                     0.06426071855297041
4.047                     0.06421984239258667
4.048                     0.06417899312454513
4.049                     0.06413817074884584
4.05                      0.06409737526548878
4.051                     0.06405660667447391
4.0520000000000005        0.06401586497580133
4.053                     0.06397515016947096
4.054                     0.06393446225548283
4.055                     0.06389380123383694
4.056                     0.06385316710453326
4.057                     0.06381255986757176
4.058                     0.06377197952295259
4.059                     0.06373142607067556
4.0600000000000005        0.06369089951074078
4.061                     0.06365039984314827
4.062                     0.06360992706789796
4.063                     0.06356948118498992
4.064                     0.06352906219442407
4.065                     0.0634886700962004
4.066                     0.06344830489031905
4.067                     0.06340796657677988
4.0680000000000005        0.06336765515558293
4.069                     0.06332737062672827
4.07                      0.06328711299021579
4.071                     0.06324688224604559
4.072                     0.06320667839421756
4.073                     0.0631665014347318
4.074                     0.06312635136758825
4.075                     0.06308622819278689
4.0760000000000005        0.06304613191032779
4.077                     0.06300606252021103
4.078                     0.06296602002243634
4.079                     0.06292600441700401
4.08                      0.0628860157039138
4.081                     0.06284605388316587
4.082                     0.0628061189547602
4.083                     0.06276621091869668
4.0840000000000005        0.0627263297749754
4.085                     0.06268647552359642
4.086                     0.06264664816455964
4.087                     0.06260684769786508
4.088                     0.06256707412351271
4.089                     0.06252732744150263
4.09                      0.06248760765183481
4.091                     0.062447914754509164
4.0920000000000005        0.06240824874952573
4.093                     0.062368609636884585
4.094                     0.06232899741658559
4.095                     0.062289412088628926
4.096                     0.0622498536530144
4.097                     0.062210322109742144
4.098                     0.06217081745881212
4.099                     0.0621313397002243
4.1                       0.06209188883397876
4.101                     0.062052464860075436
4.102                     0.06201306777851431
4.103                     0.0619736975892954
4.104                     0.06193435429241878
4.105                     0.0618950378878843
4.106                     0.06185574837569217
4.107                     0.06181648575584221
4.108                     0.061777250028334486
4.109                     0.061738041193168974
4.11                      0.06169885925034566
4.111                     0.06165970419986469
4.112                     0.06162057604172582
4.113                     0.061581474775929214
4.114                     0.0615424004024749
4.115                     0.06150335292136274
4.116                     0.061464332332592915
4.117                     0.06142533863616528
4.118                     0.06138637183207983
4.119                     0.06134743192033659
4.12                      0.06130851890093565
4.121                     0.06126963277387687
4.122                     0.0612307735391604
4.123                     0.06119194119678609
4.124                     0.06115313574675406
4.125                     0.06111435718906422
4.126                     0.06107560552371661
4.127                     0.061036880750711266
4.128                     0.06099818287004816
4.1290000000000004        0.060959511881727206
4.13                      0.060920867785748574
4.131                     0.060882250582112114
4.132                     0.060843660270817904
4.133                     0.06080509685186593
4.134                     0.06076656032525608
4.135                     0.060728050690988626
4.136                     0.0606895679490633
4.1370000000000005        0.06065111209948026
4.138                     0.060612683142239436
4.139                     0.060574281077340815
4.14                      0.060535905904784436
4.141                     0.06049755762457035
4.142                     0.060459236236698397
4.143                     0.06042094174116873
4.144                     0.06038267413798127
4.1450000000000005        0.060344433427135975
4.146                     0.060306219608633
4.147                     0.060268032682472245
4.148                     0.06022987264865369
4.149                     0.06019173950717741
4.15                      0.06015363325804331
4.151                     0.0601155539012515
4.152                     0.06007750143680189
4.1530000000000005        0.060039475864694464
4.154                     0.06000147718492937
4.155                     0.059963505397506375
4.156                     0.05992556050242569
4.157                     0.05988764249968724
4.158                     0.05984975138929098
4.159                     0.059811887171237
4.16                      0.059774049845525194
4.1610000000000005        0.05973623941215563
4.162                     0.05969845587112834
4.163                     0.059660699222443214
4.164                     0.059622969466100406
4.165                     0.059585266602099764
4.166                     0.059547590630441356
4.167                     0.059509941551125205
4.168                     0.05947231936415129
4.1690000000000005        0.059434724069519516
4.17                      0.0593971556672301
4.171                     0.05935961415728278
4.172                     0.05932209953967783
4.173                     0.059284611814414995
4.174                     0.059247150981494405
4.175                     0.0592097170409161
4.176                     0.05917230999268001
4.1770000000000005        0.0591349298367861
4.178                     0.05909757657323448
4.179                     0.05906025020202503
4.18                      0.05902295072315793
4.181                     0.058985678136632934
4.182                     0.05894843244245019
4.183                     0.05891121364060972
4.184                     0.05887402173111145
4.1850000000000005        0.05883685671395539
4.186                     0.05879971858914162
4.187                     0.05876260735667001
4.188                     0.05872552301654072
4.189                     0.05868846556875359
4.19                      0.05865143501330866
4.191                     0.05861443135020603
4.192                     0.0585774545794456
4.1930000000000005        0.05854050470102741
4.194                     0.05850358171495146
4.195                     0.05846668562121771
4.196                     0.05842981641982621
4.197                     0.05839297411077695
4.198                     0.05835615869406986
4.199                     0.05831937016970514
4.2                       0.058282608537682516
4.2010000000000005        0.05824587379800212
4.202                     0.05820916595066403
4.203                     0.05817248499566812
4.204                     0.058135830933014505
4.205                     0.058099203762703035
4.206                     0.0580626034847338
4.207                     0.058026030099106875
4.208                     0.057989483605822095
4.2090000000000005        0.05795296400487958
4.21                      0.05791647129627929
4.211                     0.05788000548002124
4.212                     0.05784356655610542
4.213                     0.0578071545245318
4.214                     0.057770769385300465
4.215                     0.05773441113841133
4.216                     0.057697708827820895
4.2170000000000005        0.0576609878699013
4.218                     0.05762429018883861
4.219                     0.05758761578463279
4.22                      0.05755096465728382
4.221                     0.05751433680679167
4.222                     0.057477732233156435
4.223                     0.05744115093637808
4.224                     0.05740459291645654
4.225                     0.0573680581733919
4.226                     0.057331546707184135
4.227                     0.05729505851783315
4.228                     0.05725859360533914
4.229                     0.05722215196970195
4.23                      0.05718573361092161
4.231                     0.057149338528998166
4.232                     0.057112966723931534
4.233                     0.05707661819572183
4.234                     0.05704029294436897
4.235                     0.05700399096987294
4.236                     0.05696771227223384
4.237                     0.05693145685145157
4.238                     0.05689522470752613
4.239                     0.056859015840457605
4.24                      0.05682283025024593
4.241                     0.05678666793689116
4.242                     0.056750528900393206
4.243                     0.05671441314075211
4.244                     0.05667832065796789
4.245                     0.05664225145204054
4.246                     0.05660620552297004
4.247                     0.05657018287075646
4.248                     0.056534183495399695
4.249                     0.056498207396899855
4.25                      0.05646225457525676
4.251                     0.0564263250304706
4.252                     0.05639041876254136
4.253                     0.05635453577146889
4.2540000000000004        0.05631867605725332
4.255                     0.056282839619894665
4.256                     0.05624702645939283
4.257                     0.05621123657574787
4.258                     0.056175469968959744
4.259                     0.05613972663902848
4.26                      0.05610400658595416
4.261                     0.05606830980973668
4.2620000000000005        0.05603263631037597
4.263                     0.05599698608787224
4.264                     0.0559613591422253
4.265                     0.05592575547343527
4.266                     0.05589017508150205
4.267                     0.05585461796642577
4.268                     0.0558190841282063
4.269                     0.05578357356684369
4.2700000000000005        0.055748086282337996
4.271                     0.05571262227468917
4.272                     0.05567718154389714
4.273                     0.05564176408996205
4.274                     0.05560636991288376
4.275                     0.055570999012662395
4.276                     0.05553565138929784
4.277                     0.055500327042790225
4.2780000000000005        0.05546502597313934
4.279                     0.05542974818034547
4.28                      0.055394493664408365
4.281                     0.05535926242532819
4.282                     0.05532405446310483
4.283                     0.055288869777738316
4.284                     0.05525370836922875
4.285                     0.055218570237575995
4.2860000000000005        0.05518345538278013
4.287                     0.055148363804841116
4.288                     0.055113295503758965
4.289                     0.05507825047953371
4.29                      0.05504322873216527
4.291                     0.05500823026165367
4.292                     0.05497325506799904
4.293                     0.05493830315120116
4.2940000000000005        0.05490337451126021
4.295                     0.054868469148176176
4.296                     0.054833587061948935
4.297                     0.054798728252578574
4.298                     0.05476389272006509
4.299                     0.05472908046440846
4.3                       0.05469429148560869
4.301                     0.05465952578366582
4.3020000000000005        0.05462478335857971
4.303                     0.05459006421035055
4.304                     0.05455536833897827
4.305                     0.054520695744462805
4.306                     0.05448604642680429
4.307                     0.05445142038600251
4.308                     0.054416817622057696
4.309                     0.054382238134969674
4.3100000000000005        0.054347681924738565
4.311                     0.054313148991364295
4.312                     0.05427863933484699
4.313                     0.05424415295518642
4.314                     0.05420968985238277
4.315                     0.054175250026435945
4.316                     0.05414083347734609
4.317                     0.05410644020511301
4.3180000000000005        0.05407207020973677
4.319                     0.05403772349121751
4.32                      0.05400340004955501
4.321                     0.0539690998847494
4.322                     0.05393482299680066
4.323                     0.0539005693857088
4.324                     0.05386633905147381
4.325                     0.053832131994095644
4.3260000000000005        0.053797948213574365
4.327                     0.053763787709909965
4.328                     0.05372965048310244
4.329                     0.053695536533151754
4.33                      0.05366144586005793
4.331                     0.05362737846382095
4.332                     0.053593334344440885
4.333                     0.053559313501917685
4.3340000000000005        0.053525315936251316
4.335                     0.05349134164744188
4.336                     0.05345739063548924
4.337                     0.05342346290039348
4.338                     0.053389558442154594
4.339                     0.053355677260772574
4.34                      0.05332181935624742
4.341                     0.05328798472857908
4.3420000000000005        0.053254173377767645
4.343                     0.05322038530381307
4.344                     0.05318662050671539
4.345                     0.053152878986474576
4.346                     0.053119160743090595
4.347                     0.053085465776563465
4.348                     0.053051794086893235
4.349                     0.053018145674079864
4.3500000000000005        0.052984520538123345
4.351                     0.0529509186790237
4.352                     0.05291734009678091
4.353                     0.052883784791395036
4.354                     0.052850252762865965
4.355                     0.05281674401119373
4.356                     0.05278325853637847
4.357                     0.05274979633842002
4.358                     0.05271635741731843
4.359                     0.0526829417730737
4.36                      0.0526495494056858
4.361                     0.05261618031515484
4.362                     0.05258283450148071
4.363                     0.05254951196466342
4.364                     0.052516212704703046
4.365                     0.052482936721599524
4.366                     0.05244968401535288
4.367                     0.05241645458596304
4.368                     0.052383248433430084
4.369                     0.052350065557754046
4.37                      0.05231690595893481
4.371                     0.05228376963697246
4.372                     0.05225065659186697
4.373                     0.05221756682361838
4.374                     0.05218450033222662
4.375                     0.052151457117691716
4.376                     0.0521184371800137
4.377                     0.05208544051919258
4.378                     0.05205246713522828
4.3790000000000004        0.05201951702812084
4.38                      0.051986590197870275
4.381                     0.05195368664447662
4.382                     0.051920806367939776
4.383                     0.05188794936825985
4.384                     0.05185511564543677
4.385                     0.0518223051994705
4.386                     0.0517895180303611
4.3870000000000005        0.051756754138108596
4.388                     0.05172401352271298
4.389                     0.051691296184174215
4.39                      0.051658602122492306
4.391                     0.05162593133766728
4.392                     0.05159328382969908
4.393                     0.05156065959858782
4.394                     0.05152805864433329
4.3950000000000005        0.051495480966935715
4.396                     0.051462926566395034
4.397                     0.051430395442711205
4.398                     0.05139788759588426
4.399                     0.051365403025914094
4.4                       0.0513329417328008
4.401                     0.05130050371654446
4.402                     0.051268088977144896
4.4030000000000005        0.05123569751460224
4.404                     0.051203329328916476
4.405                     0.05117098442008755
4.406                     0.05113866278811553
4.407                     0.05110636443300027
4.408                     0.051074089354741926
4.409                     0.05104183755334049
4.41                      0.05100960902879589
4.4110000000000005        0.05097740378110809
4.412                     0.050945221810277254
4.413                     0.05091306311630324
4.414                     0.050880927699186104
4.415                     0.05084881555892583
4.416                     0.05081672669552239
4.417                     0.05078466110897587
4.418                     0.050752618799286185
4.4190000000000005        0.05072059976645335
4.42                      0.05068860401047741
4.421                     0.0506566315313583
4.422                     0.050624682329096116
4.423                     0.050592756403690736
4.424                     0.050560853755142195
4.425                     0.05052897438345063
4.426                     0.05049711828861583
4.4270000000000005        0.05046528547063798
4.428                     0.05043347592951691
4.429                     0.050401689665252776
4.43                      0.05036992667784547
4.431                     0.050338186967295015
4.432                     0.05030647053360145
4.433                     0.05027477737676477
4.434                     0.050243107496784935
4.4350000000000005        0.050211460893661915
4.436                     0.05017983756739582
4.437                     0.05014823751798658
4.438                     0.0501166607454342
4.439                     0.05008510724973866
4.44                      0.05005357703090003
4.441                     0.050022070088918236
4.442                     0.049990586423793316
4.4430000000000005        0.04995901951361181
4.444                     0.04992722376437223
4.445                     0.04989544816247045
4.446                     0.049863692707906526
4.447                     0.04983195740068035
4.448                     0.04980024224079199
4.449                     0.04976854722824146
4.45                      0.04973687236302871
4.4510000000000005        0.04970521764515377
4.452                     0.049673583074616647
4.453                     0.04964196865141734
4.454                     0.04961037437555588
4.455                     0.0495788002470321
4.456                     0.04954724626584619
4.457                     0.049515712431998135
4.458                     0.049484198745487845
4.4590000000000005        0.049452705206315346
4.46                      0.049421231814480694
4.461                     0.0493897785699838
4.462                     0.049358345472824805
4.463                     0.04932693252300352
4.464                     0.049295539720520073
4.465                     0.049264167065374426
4.466                     0.04923281455756662
4.4670000000000005        0.049201482197096594
4.468                     0.04917016998396438
4.469                     0.04913887791816997
4.47                      0.049107605999713366
4.471                     0.04907635422859457
4.472                     0.04904512260481356
4.473                     0.049013911128370426
4.474                     0.04898271979926502
4.4750000000000005        0.048951548617497447
4.476                     0.048920397583067696
4.477                     0.04888926669597576
4.478                     0.04885815595622161
4.479                     0.04882706536380526
4.48                      0.04879599491872676
4.481                     0.048764944620986045
4.482                     0.048733914470583076
4.483                     0.048702904467518
4.484                     0.04867191461179068
4.485                     0.048640944903401165
4.486                     0.04860999534234949
4.487                     0.04857906592863559
4.488                     0.04854815666225951
4.489                     0.048517267543221256
4.49                      0.048486398571520775
4.491                     0.04845554974715814
4.492                     0.048424721070133285
4.493                     0.04839391254044622
4.494                     0.04836312415809702
4.495                     0.048332355923085525
4.496                     0.04830160783541193
4.497                     0.04827087989507613
4.498                     0.048240172102078135
4.499                     0.04820948445641794
4.5                       0.04817881695809551
4.501                     0.048148169607110894
4.502                     0.048117542403464136
4.503                     0.04808693534715514
4.5040000000000004        0.04805634843818398
4.505                     0.04802578167655068
4.506                     0.04799523506225509
4.507                     0.04796470859529738
4.508                     0.04793420227567741
4.509                     0.04790371610339526
4.51                      0.04787325007845096
4.511                     0.047842804200844434
4.5120000000000005        0.047812378470575706
4.513                     0.04778197288764478
4.514                     0.047751587452051714
4.515                     0.047721222163796415
4.516                     0.04769087702287891
4.517                     0.04766055202929927
4.518                     0.047630247183057355
4.519                     0.04759996248415329
4.5200000000000005        0.04756969793258703
4.521                     0.047539453528358595
4.522                     0.04750922927146797
4.523                     0.0474790251619151
4.524                     0.04744884119970009
4.525                     0.04741867738482286
4.526                     0.04738853371728346
4.527                     0.04735841019708182
4.5280000000000005        0.047328306824218035
4.529                     0.04729822359869206
4.53                      0.04726816052050388
4.531                     0.04723811758965349
4.532                     0.04720809480614092
4.533                     0.047178092169966095
4.534                     0.047148109681129174
4.535                     0.047118147339630004
4.5360000000000005        0.04708820514546863
4.537                     0.047058283098645105
4.538                     0.04702838119915938
4.539                     0.04699849944701149
4.54                      0.04696863784220132
4.541                     0.046938796384729
4.542                     0.04690897507459454
4.543                     0.04687917391179785
4.5440000000000005        0.0468493928963389
4.545                     0.04681963202821787
4.546                     0.04678989130743456
4.547                     0.046760170733989075
4.548                     0.046730470307881446
4.549                     0.04670079002911157
4.55                      0.046671129897679506
4.551                     0.046641489913585285
4.5520000000000005        0.04661187007682882
4.553                     0.04658227038741018
4.554                     0.04655269084532937
4.555                     0.04652313145058637
4.556                     0.04649359220318113
4.557                     0.04646407310311373
4.558                     0.04643457415038413
4.559                     0.04640509534499233
4.5600000000000005        0.04637563668693834
4.561                     0.046346198176222195
4.562                     0.046316779812843795
4.563                     0.046287381596803276
4.564                     0.04625800352810048
4.565                     0.046228645606735536
4.566                     0.046199307832708425
4.567                     0.046169990206019064
4.5680000000000005        0.04614069272666753
4.569                     0.04611141539465384
4.57                      0.0460821582099779
4.571                     0.04605292117263981
4.572                     0.04602370428263952
4.573                     0.04599450753997699
4.574                     0.04596533094465235
4.575                     0.04593617449666546
4.5760000000000005        0.045907038196016374
4.577                     0.04587792204270513
4.578                     0.04584882603673162
4.579                     0.04581975017809601
4.58                      0.04579069446679812
4.581                     0.04576165890283812
4.582                     0.0457326434862159
4.583                     0.04570364821693145
4.5840000000000005        0.045674673094984825
4.585                     0.04564571812037601
4.586                     0.04561678329310499
4.587                     0.04558786861317185
4.588                     0.04555897408057646
4.589                     0.04553009969531884
4.59                      0.045501245457399066
4.591                     0.04547241136681707
4.5920000000000005        0.045443597423572936
4.593                     0.04541480362766656
4.594                     0.04538602997909802
4.595                     0.0453572764778673
4.596                     0.04532854312397435
4.597                     0.04529982991741924
4.598                     0.04527113685820189
4.599                     0.04524246394632236
4.6000000000000005        0.045213811181780666
4.601                     0.04518517856457677
4.602                     0.04515656609471069
4.603                     0.04512797377218239
4.604                     0.045099401596991905
4.605                     0.04507084956913923
4.606                     0.045042317688624406
4.607                     0.045013805955447336
4.6080000000000005        0.044985314369608065
4.609                     0.04495684293110661
4.61                      0.044928391639942965
4.611                     0.04489996049611714
4.612                     0.04487154949962911
4.613                     0.04484315865047888
4.614                     0.04481478794866651
4.615                     0.044786437394191865
4.616                     0.04475810698705509
4.617                     0.04472979672725611
4.618                     0.04470150661479491
4.619                     0.04467323664967154
4.62                      0.044644986831885954
4.621                     0.04461675716143819
4.622                     0.04458854763832825
4.623                     0.04456035826255609
4.624                     0.044532189034121754
4.625                     0.04450403995302521
4.626                     0.04447591101926648
4.627                     0.044447802232845564
4.628                     0.044419713593762455
4.6290000000000004        0.04439164510201711
4.63                      0.04436359675760961
4.631                     0.044335568560539905
4.632                     0.044307560510808044
4.633                     0.044279572608413954
4.634                     0.04425160485335767
4.635                     0.04422365724563921
4.636                     0.04419572978525857
4.6370000000000005        0.044167822472215686
4.638                     0.04413993530651066
4.639                     0.04411206828814341
4.64                      0.044084221417113996
4.641                     0.04405639469342236
4.642                     0.04402858811706852
4.643                     0.044000801688052545
4.644                     0.04397303540637432
4.6450000000000005        0.04394528927203393
4.646                     0.043917563285031325
4.647                     0.043889857445366526
4.648                     0.04386217175303955
4.649                     0.0438345062080504
4.65                      0.043806860810399
4.651                     0.043779235560085485
4.652                     0.043751630457109704
4.6530000000000005        0.04372404550147175
4.654                     0.043696480693171655
4.655                     0.04366893603220928
4.656                     0.04364141151858478
4.657                     0.04361390715229805
4.658                     0.04358642293334915
4.659                     0.04355895886173806
4.66                      0.043531514937464745
4.6610000000000005        0.043504091160529265
4.662                     0.0434766875309316
4.663                     0.0434493040486717
4.664                     0.043421940713749656
4.665                     0.04339459752616537
4.666                     0.04336727448591893
4.667                     0.04333997159301027
4.668                     0.04331268884743941
4.6690000000000005        0.043285426249206393
4.67                      0.04325818379831115
4.671                     0.043230745242483326
4.672                     0.04320323157139009
4.673                     0.04317573533878693
4.674                     0.04314825654467386
4.675                     0.043120795189051
4.676                     0.04309335127191824
4.6770000000000005        0.0430659247932756
4.678                     0.043038515753123105
4.679                     0.043011124151460696
4.68                      0.04298374998828847
4.681                     0.042956393263606334
4.682                     0.042929053977414366
4.683                     0.04290173212971254
4.684                     0.0428744277205008
4.6850000000000005        0.042847140749779224
4.686                     0.04281987121754772
4.687                     0.04279261912380642
4.688                     0.04276538446855521
4.689                     0.042738167251794155
4.69                      0.042710967473523195
4.691                     0.0426837851337424
4.692                     0.04265662023245172
4.6930000000000005        0.042629472769651136
4.694                     0.04260234274534076
4.695                     0.04257523015952044
4.696                     0.042548135012190326
4.697                     0.042521057303350256
4.698                     0.04249399703300036
4.699                     0.042466954201140605
4.7                       0.042439928807770956
4.7010000000000005        0.042412920852891466
4.702                     0.04238593033650207
4.703                     0.04235895725860284
4.704                     0.04233200161919374
4.705                     0.04230506341827473
4.706                     0.042278142655845896
4.707                     0.04225123933190719
4.708                     0.042224353446458564
4.7090000000000005        0.042197484999500094
4.71                      0.042170633991031777
4.711                     0.042143800421053576
4.712                     0.04211698428956551
4.713                     0.04209018559656755
4.714                     0.04206340434205974
4.715                     0.04203664052604205
4.716                     0.042009894148514526
4.7170000000000005        0.041983165209477084
4.718                     0.041956453708929815
4.719                     0.04192975964687261
4.72                      0.041903083023305615
4.721                     0.04187642383822872
4.722                     0.041849782091641904
4.723                     0.04182315778354531
4.724                     0.04179655091393879
4.7250000000000005        0.04176996148282241
4.726                     0.04174338949019617
4.727                     0.04171683493606002
4.728                     0.04169029782041406
4.729                     0.0416637781432582
4.73                      0.04163727590459249
4.731                     0.0416107911044169
4.732                     0.04158432374273141
4.7330000000000005        0.041557873819536066
4.734                     0.04153144133483087
4.735                     0.04150502628861579
4.736                     0.0414786286808909
4.737                     0.04145224851165604
4.738                     0.041425885780911366
4.739                     0.04139954048865681
4.74                      0.041373212634892374
4.741                     0.04134690221961813
4.742                     0.041320609242833935
4.743                     0.041294333704539894
4.744                     0.04126807560473602
4.745                     0.04124183494342223
4.746                     0.041215611720598545
4.747                     0.04118940593626508
4.748                     0.04116321759042169
4.749                     0.04113704668306844
4.75                      0.04111089321420534
4.751                     0.04108475718383233
4.752                     0.04105863859194949
4.753                     0.041032537438556775
4.7540000000000004        0.04100645372365414
4.755                     0.04098038744724169
4.756                     0.04095433860931936
4.757                     0.04092830720988715
4.758                     0.040902293248945065
4.759                     0.040876296726493094
4.76                      0.04085031764253129
4.761                     0.040824355997059615
4.7620000000000005        0.040798411790078065
4.763                     0.040772485021586646
4.764                     0.040746575691585345
4.765                     0.040720683800074195
4.766                     0.040694809347053114
4.767                     0.04066895233252223
4.768                     0.04064311275648149
4.769                     0.04061729061893082
4.7700000000000005        0.040591485919870315
4.771                     0.040565698659299966
4.772                     0.040539928837219685
4.773                     0.04051417645362956
4.774                     0.04048844150852958
4.775                     0.0404627240019197
4.776                     0.04043702393379999
4.777                     0.040411341304170394
4.7780000000000005        0.0403856761130309
4.779                     0.04036002836038157
4.78                      0.040334398046222374
4.781                     0.040308785170553287
4.782                     0.04028318973337433
4.783                     0.040257611734685485
4.784                     0.04023205117448682
4.785                     0.04020650805277827
4.7860000000000005        0.040180982369559845
4.787                     0.040155474124831565
4.788                     0.040129983318593375
4.789                     0.040104509950845364
4.79                      0.040079054021587436
4.791                     0.04005361553081966
4.792                     0.04002819447854202
4.793                     0.04000279086475452
4.7940000000000005        0.03997740468945711
4.795                     0.039952035952649866
4.796                     0.03992668465433275
4.797                     0.03990135079450577
4.798                     0.03987603437316891
4.799                     0.03985073539032214
4.8                       0.03982545384596557
4.801                     0.03980018974009908
4.8020000000000005        0.03977494307272275
4.803                     0.03974971384383655
4.804                     0.03972450205344047
4.805                     0.03969930770153451
4.806                     0.0396741307881187
4.807                     0.039648971313193
4.808                     0.03962382927675745
4.809                     0.03959870467881199
4.8100000000000005        0.039573597519356705
4.811                     0.03954850779839156
4.812                     0.039523435515916513
4.813                     0.03949838067193163
4.814                     0.03947334326643682
4.815                     0.03944832329943217
4.816                     0.039423320770917675
4.817                     0.03939833568089328
4.8180000000000005        0.03937336802935903
4.819                     0.039348417816314915
4.82                      0.03932348504176092
4.821                     0.03929856970569706
4.822                     0.039273671808123314
4.823                     0.039248791349039705
4.824                     0.03922392832844622
4.825                     0.03919908274634289
4.8260000000000005        0.03917425460272968
4.827                     0.03914944389760661
4.828                     0.039124650630973645
4.829                     0.03909987480283083
4.83                      0.03907511641317812
4.831                     0.039050375462015556
4.832                     0.03902565194934313
4.833                     0.03900094587516084
4.8340000000000005        0.038976257239468654
4.835                     0.03895158604226663
4.836                     0.03892693228355471
4.837                     0.038902295963332965
4.838                     0.038877677081601295
4.839                     0.03885307563835976
4.84                      0.0388284916336084
4.841                     0.038803925067347145
4.8420000000000005        0.03877937593957602
4.843                     0.03875484425029502
4.844                     0.03873032999950415
4.845                     0.03870583318720342
4.846                     0.038681353813392806
4.847                     0.0386568918780723
4.848                     0.03863244738124199
4.849                     0.038608020322901775
4.8500000000000005        0.03858361070305164
4.851                     0.038559218521691724
4.852                     0.038534843778821916
4.853                     0.03851048647444222
4.854                     0.038486146608552624
4.855                     0.038461824181153216
4.856                     0.03843751919224394
4.857                     0.038413231641824745
4.8580000000000005        0.03838896152989569
4.859                     0.038364708856456806
4.86                      0.03834047362150802
4.861                     0.03831625582504937
4.862                     0.038292055467080845
4.863                     0.03826787254760244
4.864                     0.0382437070666142
4.865                     0.03821955902411607
4.866                     0.038195428420108084
4.867                     0.03817131525459022
4.868                     0.03814721952756245
4.869                     0.03812314123902487
4.87                      0.03809908038897738
4.871                     0.03807503697742003
4.872                     0.03805101100435281
4.873                     0.03802700246977573
4.874                     0.0380030113736888
4.875                     0.03797903771609197
4.876                     0.03795508149698525
4.877                     0.03793114271636868
4.878                     0.03790722137424227
4.8790000000000004        0.03788331747060596
4.88                      0.03785943100545981
4.881                     0.037835561978803736
4.882                     0.03781171039063784
4.883                     0.03778787624096204
4.884                     0.037764059529776385
4.885                     0.03774026025708088
4.886                     0.037716478422875496
4.8870000000000005        0.03769271402716021
4.888                     0.03766896706993512
4.889                     0.03764523755120009
4.89                      0.037621525470955236
4.891                     0.03759783082920048
4.892                     0.037574153625935865
4.893                     0.0375504938611614
4.894                     0.037526851534877045
4.8950000000000005        0.037503226647082825
4.896                     0.03747961919777873
4.897                     0.037456029186964786
4.898                     0.0374324299164792
4.899                     0.03740860655216513
4.9                       0.037384798281662836
4.901                     0.03736100510497226
4.902                     0.03733722702209338
4.9030000000000005        0.03731346403302627
4.904                     0.03728971613777089
4.905                     0.03726598333632719
4.906                     0.03724226562869527
4.907                     0.037218563014875035
4.908                     0.03719487549486654
4.909                     0.0371712030686698
4.91                      0.03714754573628476
4.9110000000000005        0.03712390349771144
4.912                     0.037100276352949865
4.913                     0.037076664302000004
4.914                     0.03705306734486189
4.915                     0.03702948548153547
4.916                     0.0370059187120208
4.917                     0.036982367036317895
4.918                     0.036958830454426675
4.9190000000000005        0.03693530896634717
4.92                      0.03691180257207943
4.921                     0.036888311271623404
4.922                     0.03686483506497909
4.923                     0.03684137395214652
4.924                     0.03681792793312567
4.925                     0.036794497007916545
4.926                     0.03677108117651915
4.9270000000000005        0.03674768043893347
4.928                     0.03672429479515953
4.929                     0.03670092424519733
4.93                      0.03667756878904684
4.931                     0.03665422842670808
4.932                     0.03663090315818105
4.933                     0.03660759298346577
4.934                     0.03658429790256218
4.9350000000000005        0.03656101791547033
4.936                     0.03653775302219023
4.937                     0.036514503222721824
4.938                     0.036491268517065176
4.939                     0.036468048905220235
4.94                      0.036444844387187
4.941                     0.03642165496296556
4.942                     0.03639848063255579
4.9430000000000005        0.036375321395957755
4.944                     0.03635217725317148
4.945                     0.03632904820419688
4.946                     0.03630593424903406
4.947                     0.036282835387682934
4.948                     0.03625975162014355
4.949                     0.03623668294641594
4.95                      0.03621362936649997
4.9510000000000005        0.03619059088039574
4.952                     0.03616756748810329
4.953                     0.03614455918962253
4.954                     0.03612156598495352
4.955                     0.036098587874096214
4.956                     0.03607562485705064
4.957                     0.03605267693381682
4.958                     0.0360297441043947
4.9590000000000005        0.03600682636878432
4.96                      0.03598392372698566
4.961                     0.035961036178998734
4.962                     0.035938163724823544
4.963                     0.03591530636446005
4.964                     0.03589246409790827
4.965                     0.0358696369251683
4.966                     0.03584682484624
4.9670000000000005        0.0358240278611234
4.968                     0.03580124596981859
4.969                     0.03577847917232549
4.97                      0.035755727468644125
4.971                     0.03573299085877445
4.972                     0.03571026934271652
4.973                     0.03568756292047034
4.974                     0.03566487159203585
4.9750000000000005        0.03564219535741312
4.976                     0.03561953421660209
4.977                     0.0355968881696028
4.978                     0.03557425721641525
4.979                     0.03555164135703943
4.98                      0.0355290405914753
4.981                     0.03550645491972295
4.982                     0.03548388434178228
4.9830000000000005        0.03546132885765337
4.984                     0.035438788467336176
4.985                     0.035416263170830686
4.986                     0.03539375296813698
4.987                     0.035371257859254934
4.988                     0.03534877784418465
4.989                     0.03532631292292612
4.99                      0.035303863095479275
4.9910000000000005        0.035281428361844155
4.992                     0.0352590087220208
4.993                     0.03523660417600915
4.994                     0.03521421472380923
4.995                     0.03519184036542103
4.996                     0.03516948110084456
4.997                     0.03514713693007984
4.998                     0.03512480785312683
4.999                     0.03510249386998557
5                         0.03508019498065597
